name,cluster,x,y,second,frame,disgust,anger,sadness,neutral,contempt,surprise,happy,fear
faceframe_second100_frame2505_0,0,9.336944,6.1898584,100,2505,0.21411584317684174,0.18806792795658112,0.13714218139648438,0.10625320672988892,0.10613032430410385,,,
faceframe_second100_frame2511_0,0,9.310909,6.2266626,100,2511,0.23337669670581818,0.18618182837963104,0.12472675740718842,0.10251016169786453,0.10309873521327972,,,
faceframe_second100_frame2518_0,0,9.294656,6.2555985,100,2518,0.21118338406085968,0.1767808496952057,0.1208968311548233,0.1051182672381401,0.1038939580321312,,,
faceframe_second101_frame2530_0,0,9.00437,6.458059,101,2530,0.1916726976633072,0.18015985190868378,0.14215078949928284,,0.10507337749004364,0.12097110599279404,,
faceframe_second101_frame2549_0,0,9.077711,6.5585437,101,2549,0.16878949105739594,0.19960366189479828,0.14361104369163513,0.10392436385154724,0.11801286786794662,,,
faceframe_second102_frame2555_0,0,9.213743,6.405251,102,2555,0.18592599034309387,0.22751373052597046,0.16285234689712524,0.09277679026126862,0.09622210264205933,,,
faceframe_second102_frame2561_0,1,7.414314,11.006702,102,2561,0.19075943529605865,0.1790427416563034,0.13548903167247772,0.11990001052618027,0.13438360393047333,,,
faceframe_second102_frame2568_0,0,10.306211,1.9863579,102,2568,0.23712068796157837,0.2583630681037903,0.14198946952819824,0.10304903984069824,0.07465258240699768,,,
faceframe_second102_frame2568_1,1,8.180848,11.496775,102,2568,0.3969520628452301,0.11080699414014816,0.07275314629077911,,0.08413811773061752,,0.15454649925231934,
faceframe_second142_frame3561_0,-1,12.251146,11.276014,142,3561,0.1577838659286499,0.14461863040924072,0.1414256989955902,,0.12641853094100952,0.12127380818128586,,
faceframe_second142_frame3561_1,1,7.4733644,10.685925,142,3561,0.12005247920751572,0.17056025564670563,0.12560036778450012,0.16514283418655396,,,0.1124417632818222,
faceframe_second142_frame3561_2,0,8.459898,7.307288,142,3561,0.18528220057487488,0.11605563759803772,0.11141427606344223,,0.1604660302400589,,0.13900814950466156,
faceframe_second142_frame3561_3,1,6.8278418,11.931447,142,3561,0.11340656876564026,0.3436926603317261,0.19660425186157227,0.08740092813968658,0.07559795677661896,,,
faceframe_second142_frame3561_4,-1,12.117687,4.48028,142,3561,0.21615344285964966,,0.11052127182483673,,0.11327245086431503,0.15671256184577942,0.13094660639762878,
faceframe_second142_frame3561_5,-1,6.5774174,7.2501874,142,3561,0.17155924439430237,0.1819099634885788,0.12295465171337128,,,0.10928956419229507,0.11427344381809235,
faceframe_second142_frame3568_0,1,6.818112,11.943596,142,3568,0.12038692086935043,0.40131711959838867,0.1456141471862793,0.08584851026535034,0.06943194568157196,,,
faceframe_second142_frame3568_1,0,8.611057,7.075155,142,3568,0.16491247713565826,0.15743792057037354,0.11682353168725967,0.11182694137096405,,,0.15711534023284912,
faceframe_second142_frame3568_2,1,7.4537635,10.841483,142,3568,0.12025173008441925,0.22043155133724213,0.1262502670288086,0.1600167602300644,0.09840904921293259,,,
faceframe_second142_frame3568_3,-1,12.662793,11.325189,142,3568,0.13941650092601776,0.14210493862628937,0.14228053390979767,,0.12420124560594559,0.12107635289430618,,
faceframe_second142_frame3568_4,-1,6.6681542,7.18736,142,3568,0.16780340671539307,0.15624289214611053,,0.13102418184280396,,0.10822001844644547,0.14929209649562836,
faceframe_second142_frame3574_0,1,6.776501,11.868951,142,3574,0.12908414006233215,0.32763516902923584,0.16866174340248108,0.09046385437250137,0.08620589226484299,,,
faceframe_second142_frame3574_1,-1,6.6604576,7.1934347,142,3574,0.17242194712162018,0.14590992033481598,0.11687891185283661,,0.1262172907590866,,0.13579608500003815,
faceframe_second142_frame3574_2,-1,12.757693,11.391779,142,3574,0.14067134261131287,0.12905962765216827,0.1406167596578598,,0.13420774042606354,0.13008558750152588,,
faceframe_second142_frame3574_3,-1,12.080974,4.479132,142,3574,0.27293136715888977,0.10102172195911407,,,0.15213268995285034,0.11669544875621796,0.11286383122205734,
faceframe_second102_frame2574_0,0,10.570107,1.9132861,102,2574,0.2513222396373749,0.19209732115268707,0.15815305709838867,0.09861277788877487,,0.0913977324962616,,
faceframe_second102_frame2574_1,1,8.161493,11.551186,102,2574,0.29643651843070984,0.12844917178153992,0.09134326130151749,,0.11400102823972702,,0.16445286571979523,
faceframe_second106_frame2674_0,0,9.558764,2.5715654,106,2674,0.16039621829986572,0.24302677810192108,0.1628083884716034,0.11112967133522034,,0.10933610051870346,,
faceframe_second106_frame2674_1,0,7.140385,7.4417133,106,2674,0.1897752434015274,0.13198134303092957,0.09038512408733368,,0.19988936185836792,,0.16447752714157104,
faceframe_second106_frame2674_2,0,7.1643066,7.300255,106,2674,0.1798936426639557,0.12026781588792801,0.13813874125480652,,0.18048378825187683,,0.13609516620635986,
faceframe_second10_frame274_0,1,7.8989787,10.904309,10,274,0.12265077978372574,0.1289583295583725,0.17491565644741058,0.1252235770225525,0.12677955627441406,,,
faceframe_second128_frame3224_0,2,4.474678,10.323198,128,3224,0.2448381632566452,0.2119142711162567,0.12098196893930435,0.11631902307271957,0.0829237625002861,,,
faceframe_second135_frame3399_0,0,10.97064,1.8219352,135,3399,0.2955593466758728,0.11952096968889236,0.10780525952577591,0.101628378033638,,0.12198951840400696,,
faceframe_second143_frame3580_0,1,6.930104,11.923101,143,3580,0.15795642137527466,0.2821159362792969,0.11324146389961243,0.1389497071504593,,,0.09041439741849899,
faceframe_second143_frame3580_1,-1,12.773179,11.35961,143,3580,0.13844522833824158,0.13165657222270966,0.1292986273765564,0.13021288812160492,,0.1286318004131317,,
faceframe_second143_frame3580_2,1,7.3213363,11.493849,143,3580,0.17107267677783966,0.16362665593624115,0.1515757143497467,0.110205739736557,0.11666810512542725,,,
faceframe_second147_frame3680_0,-1,10.521416,10.15742,147,3680,0.23611652851104736,,,0.14758802950382233,0.12965446710586548,0.1678062528371811,,0.10060326755046844
faceframe_second150_frame3755_0,0,10.0827465,1.8035048,150,3755,0.16055531799793243,0.17470958828926086,0.1600887030363083,0.12543237209320068,0.15998484194278717,,,
faceframe_second158_frame3955_0,0,9.6167965,4.4378076,158,3955,0.1840885430574417,0.180944561958313,0.12164594978094101,,0.12050770223140717,0.12564201653003693,,
faceframe_second161_frame4030_0,-1,2.7311664,5.5190935,161,4030,,0.10201014578342438,0.29586371779441833,0.17627722024917603,0.14377522468566895,,,0.09844450652599335
faceframe_second35_frame893_0,2,1.0097766,10.701946,35,893,0.11309439688920975,0.25043168663978577,0.15007174015045166,0.15903669595718384,0.10845541954040527,,,
faceframe_second33_frame836_0,0,9.922336,6.2262836,33,836,0.16761086881160736,0.14306986331939697,0.15644687414169312,,0.13222014904022217,0.16233959794044495,,
faceframe_second33_frame843_0,0,8.835248,6.9686327,33,843,0.19742217659950256,0.1650579571723938,0.11511155962944031,,0.12404385209083557,0.11713395267724991,,
faceframe_second33_frame849_0,0,9.937005,6.250947,33,849,0.19146600365638733,0.19518035650253296,0.11216244846582413,,0.1200757771730423,0.11640944331884384,,
faceframe_second34_frame855_0,0,9.883712,6.1349773,34,855,0.18790912628173828,0.19953806698322296,0.12348741292953491,,0.12598782777786255,0.12620839476585388,,
faceframe_second34_frame861_0,0,9.936699,6.193425,34,861,0.17548875510692596,0.2153567671775818,0.12170073390007019,,0.11526813358068466,0.10766424238681793,,
faceframe_second34_frame874_0,0,9.947134,6.1987767,34,874,0.2096492052078247,0.17138126492500305,0.11226306110620499,0.12450574338436127,,0.11600040644407272,,
faceframe_second35_frame886_0,2,0.97598034,10.740576,35,886,0.13533154129981995,0.241074338555336,0.15183182060718536,0.15276694297790527,0.10274139046669006,,,
faceframe_second35_frame899_0,2,0.96718436,10.739717,35,899,0.12010324746370316,0.18633337318897247,0.16079075634479523,0.15747728943824768,0.1345827877521515,,,
faceframe_second36_frame905_0,2,1.1187452,10.6650095,36,905,0.11660192161798477,0.21404367685317993,0.14454837143421173,0.15256837010383606,0.15402373671531677,,,
faceframe_second36_frame911_0,2,1.1256958,10.589912,36,911,0.13256318867206573,0.1932804137468338,0.13968521356582642,0.13576911389827728,0.1451968401670456,,,
faceframe_second36_frame918_0,2,1.0799804,10.71055,36,918,0.1136104017496109,0.20844009518623352,0.1560419648885727,0.15656045079231262,0.13988448679447174,,,
faceframe_second36_frame924_0,2,1.0176427,10.694513,36,924,0.1556595116853714,0.21725332736968994,0.16480830311775208,0.13117597997188568,0.11994361877441406,,,
faceframe_second37_frame930_0,2,1.1024197,10.731124,37,930,0.15272794663906097,0.22848936915397644,0.15818500518798828,0.13661256432533264,0.12252552807331085,,,
faceframe_second37_frame936_0,2,1.2316505,10.8439865,37,936,0.14047545194625854,0.23897795379161835,0.1712801605463028,0.13817574083805084,0.11978119611740112,,,
faceframe_second37_frame943_0,-1,6.0762415,9.471459,37,943,0.3116230368614197,0.16678200662136078,0.08987637609243393,,0.10726290196180344,,,0.09586276859045029
faceframe_second37_frame949_0,-1,5.989055,9.381951,37,949,0.2203514128923416,0.1094134971499443,,,0.10194837301969528,,0.29313626885414124,0.07782328873872757
faceframe_second38_frame955_0,-1,6.0471573,9.4409895,38,955,0.20579861104488373,0.1134306788444519,,,0.11582314223051071,,0.2723042070865631,0.08384592086076736
faceframe_second38_frame961_0,-1,6.065793,9.462292,38,961,0.23451796174049377,0.12263865023851395,,,0.1100568175315857,,0.23412053287029266,0.09704609960317612
faceframe_second38_frame968_0,-1,6.0379634,9.4267435,38,968,0.270697683095932,0.1462700366973877,,,0.1618477702140808,,0.14020363986492157,0.08729248493909836
faceframe_second38_frame974_0,-1,6.093571,9.487007,38,974,0.3163914382457733,0.12950366735458374,,,0.11821896582841873,,0.16000673174858093,0.0888262689113617
faceframe_second41_frame1030_0,1,10.029089,10.984662,41,1030,0.13373474776744843,0.23540359735488892,0.11826203763484955,0.11863493919372559,,,0.10828518122434616,
faceframe_second41_frame1030_1,1,7.503608,10.417028,41,1030,0.18254594504833221,0.14397543668746948,0.15296345949172974,0.10456470400094986,0.12588445842266083,,,
faceframe_second41_frame1049_0,1,10.088521,10.801791,41,1049,,0.21393607556819916,0.10462480783462524,0.2608690857887268,0.1266111582517624,,0.0889931246638298,
faceframe_second41_frame1049_1,1,7.558003,11.081696,41,1049,0.17430086433887482,0.22311148047447205,0.11687532067298889,0.11394186317920685,0.10114271193742752,,,
faceframe_second41_frame1049_2,1,7.7337584,11.018155,41,1049,0.13051871955394745,0.2298249453306198,0.18643701076507568,0.16610345244407654,0.09217294305562973,,,
faceframe_second41_frame1049_3,1,8.2388735,10.794592,41,1049,0.17687174677848816,0.17836755514144897,0.12095630168914795,0.11635672301054001,0.10844406485557556,,,
faceframe_second41_frame1049_4,1,10.320329,11.062569,41,1049,0.19928182661533356,0.1892905980348587,0.16344034671783447,0.09299589693546295,0.11710374802350998,,,
faceframe_second41_frame1049_5,1,7.572993,10.283919,41,1049,0.12475811690092087,0.13221006095409393,0.12813769280910492,,0.13616317510604858,,0.15553484857082367,
faceframe_second42_frame1055_0,1,7.543862,10.36053,42,1055,,0.17823822796344757,0.2275448888540268,0.1147613599896431,0.12086697667837143,0.09944887459278107,,
faceframe_second42_frame1055_1,1,10.185257,10.7473545,42,1055,0.13240671157836914,0.16914978623390198,,0.17133307456970215,,,0.11551763862371445,0.11270163208246231
faceframe_second42_frame1055_2,1,7.7456217,10.760044,42,1055,0.16088254749774933,0.17389409244060516,0.13356170058250427,0.11028312891721725,,0.11106349527835846,,
faceframe_second42_frame1061_0,1,7.191965,11.470271,42,1061,0.13046550750732422,0.38378310203552246,0.14137546718120575,0.08719054609537125,0.08459898829460144,,,
faceframe_second42_frame1061_1,1,7.8204365,10.80862,42,1061,0.15581925213336945,0.16077718138694763,0.13480524718761444,,,0.11523333191871643,0.11252790689468384,
faceframe_second42_frame1061_2,1,9.999191,10.746264,42,1061,0.135899618268013,0.16713789105415344,0.1163107305765152,0.20335759222507477,,,0.10406699776649475,
faceframe_second42_frame1061_3,0,9.341941,6.65184,42,1061,0.14853769540786743,0.14550207555294037,0.14996016025543213,0.11864682286977768,,,0.1170101910829544,
faceframe_second70_frame1755_0,2,1.6105471,12.08764,70,1755,0.21797394752502441,0.17543402314186096,0.16407416760921478,0.12538926303386688,0.11121683567762375,,,
faceframe_second70_frame1761_0,2,1.5212437,12.230202,70,1761,0.24868212640285492,0.183815136551857,0.13648264110088348,0.11929059028625488,0.08432868123054504,,,
faceframe_second70_frame1768_0,2,1.7030523,12.218593,70,1768,0.23302093148231506,0.16298137605190277,0.12839719653129578,0.14783112704753876,,,,0.09387379884719849
faceframe_second70_frame1774_0,2,1.6754305,12.177882,70,1774,0.2318563461303711,0.17176029086112976,0.12889830768108368,0.13449056446552277,,,,0.09117822349071503
faceframe_second71_frame1780_0,2,1.6678352,12.276435,71,1780,0.1680845320224762,0.18206073343753815,0.13266883790493011,0.1584462970495224,,,,0.09759748727083206
faceframe_second71_frame1786_0,2,1.6350629,12.326706,71,1786,0.207666277885437,0.16394846141338348,0.12746639549732208,0.1488490253686905,0.09698773920536041,,,
faceframe_second71_frame1793_0,2,1.6460414,12.20982,71,1793,0.24673226475715637,0.14216569066047668,0.12857504189014435,0.11360469460487366,,,,0.1076836809515953
faceframe_second71_frame1799_0,2,1.710967,12.323769,71,1799,0.272077739238739,0.14372843503952026,0.11805450171232224,0.11700014024972916,0.09558255970478058,,,
faceframe_second72_frame1805_0,2,1.727804,12.371809,72,1805,0.2176326960325241,0.1757468581199646,0.14138764142990112,0.12928582727909088,,,,0.09549900144338608
faceframe_second58_frame1468_0,2,3.3543687,11.758805,58,1468,0.21091307699680328,0.16356739401817322,0.10902345925569534,0.11188576370477676,0.11795300990343094,,,
faceframe_second58_frame1474_0,2,3.3436275,11.770778,58,1474,0.18873274326324463,0.1744464635848999,0.12546318769454956,0.1126069501042366,0.1231839507818222,,,
faceframe_second59_frame1480_0,2,3.3898728,11.833692,59,1480,0.19439536333084106,0.18981489539146423,0.12279839813709259,0.11440128087997437,0.10721201449632645,,,
faceframe_second59_frame1486_0,2,3.259825,11.817661,59,1486,0.16546085476875305,0.22425825893878937,0.137269988656044,0.12308478355407715,0.09942254424095154,,,
faceframe_second59_frame1493_0,2,3.362091,11.775759,59,1493,0.1938425600528717,0.1677299439907074,0.12227179855108261,,0.13212457299232483,0.11695163697004318,,
faceframe_second59_frame1499_0,2,3.4084773,11.738076,59,1499,0.22082746028900146,0.2220856100320816,0.10738100856542587,0.10896062850952148,0.10325289517641068,,,
faceframe_second60_frame1518_0,2,3.1595187,11.270352,60,1518,0.15390637516975403,0.198627308011055,0.11455292999744415,0.11648328602313995,0.13514897227287292,,,
faceframe_second60_frame1524_0,0,9.428955,5.973901,60,1524,0.2004053145647049,0.1517810970544815,0.12454891949892044,,0.12849439680576324,0.12539072334766388,,
faceframe_second62_frame1568_0,-1,7.5345902,3.1492462,62,1568,0.2325282245874405,0.1559239625930786,,0.10517486184835434,0.1984017938375473,0.09214145690202713,,
faceframe_second62_frame1574_0,-1,7.499348,3.1449132,62,1574,0.28732943534851074,0.15439404547214508,,0.0932539775967598,0.14909487962722778,0.09524086117744446,,
faceframe_second63_frame1580_0,-1,7.554173,3.195094,63,1580,0.27183806896209717,0.16041168570518494,,0.09451960027217865,0.14220385253429413,0.10028860718011856,,
faceframe_second63_frame1586_0,-1,7.529331,3.17909,63,1586,0.2405846118927002,0.16325820982456207,0.0953272357583046,,0.16695784032344818,0.09694631397724152,,
faceframe_second63_frame1593_0,-1,7.5860662,3.2301652,63,1593,0.21291348338127136,0.1905404031276703,0.10483875125646591,,0.12245368957519531,0.11332252621650696,,
faceframe_second63_frame1599_0,-1,7.5104184,3.1576428,63,1599,0.2695259749889374,0.16615919768810272,0.09669111669063568,,0.11567802727222443,0.11118166893720627,,
faceframe_second64_frame1611_0,-1,7.4870424,3.133546,64,1611,0.23739492893218994,0.17124643921852112,,0.11882440000772476,0.11861136555671692,0.11563298106193542,,
faceframe_second68_frame1724_0,0,9.4431505,5.3275104,68,1724,0.21038706600666046,0.17050719261169434,0.12501797080039978,0.12484954297542572,,0.10621095448732376,,
faceframe_second69_frame1730_0,0,9.533931,5.4541335,69,1730,0.22025474905967712,0.17347604036331177,0.1274069994688034,0.12800335884094238,,0.10270988941192627,,
faceframe_second69_frame1736_0,0,9.378311,5.2735553,69,1736,0.2441903054714203,0.18585193157196045,0.11238033324480057,0.12390369921922684,,0.0965064987540245,,
faceframe_second69_frame1743_0,2,1.6128356,12.261214,69,1743,0.23818622529506683,0.17194408178329468,0.11830432713031769,0.13780221343040466,0.09866135567426682,,,
faceframe_second69_frame1749_0,2,1.5493569,12.014306,69,1749,0.22936393320560455,0.1568889021873474,0.14024735987186432,0.14741043746471405,0.10253901034593582,,,
faceframe_second74_frame1855_0,2,2.6015007,10.047828,74,1855,0.14265494048595428,0.1954626888036728,0.14966358244419098,0.14248451590538025,0.12716726958751678,,,
faceframe_second74_frame1861_0,2,2.6852577,9.940705,74,1861,0.13169625401496887,0.20110666751861572,0.14756517112255096,0.14604602754116058,0.12668944895267487,,,
faceframe_second74_frame1868_0,2,2.747591,9.933824,74,1868,0.16459691524505615,0.1820971965789795,0.13533364236354828,0.15638916194438934,0.12634219229221344,,,
faceframe_second74_frame1874_0,2,2.8347845,9.979923,74,1874,0.16260768473148346,0.13349281251430511,0.14187860488891602,0.15291142463684082,0.13120441138744354,,,
faceframe_second75_frame1880_0,2,2.7353806,9.922839,75,1880,0.16743604838848114,0.16536617279052734,0.13163867592811584,0.14615437388420105,,,,0.13964217901229858
faceframe_second75_frame1886_0,2,2.7578208,9.947194,75,1886,0.13427242636680603,0.15879133343696594,0.1595516949892044,0.16582125425338745,,,,0.12069810181856155
faceframe_second75_frame1893_0,2,2.8825586,9.884207,75,1893,0.13191169500350952,0.14015893638134003,0.15280504524707794,0.14563366770744324,,,,0.12976443767547607
faceframe_second75_frame1899_0,2,2.7753,9.874052,75,1899,0.14655157923698425,0.13816550374031067,0.14868424832820892,0.14917974174022675,,,,0.12854760885238647
faceframe_second76_frame1905_0,2,1.9197644,11.304202,76,1905,0.2181493639945984,0.23290272057056427,0.17054753005504608,0.0827334076166153,,,,0.09756309539079666
faceframe_second76_frame1911_0,2,1.9859715,11.261965,76,1911,0.13855376839637756,0.1473432332277298,0.1792997568845749,0.16614969074726105,,0.1257372349500656,,
faceframe_second76_frame1918_0,2,1.9216491,11.17028,76,1918,0.1673896461725235,0.14480240643024445,0.13653381168842316,0.13834303617477417,,0.14297173917293549,,
faceframe_second76_frame1924_0,2,1.9369537,11.164501,76,1924,0.18473538756370544,0.1620558798313141,0.1389148235321045,0.12715831398963928,,0.12385028600692749,,
faceframe_second77_frame1936_0,2,1.5965014,10.888688,77,1936,0.13805678486824036,,0.16585732996463776,0.19600628316402435,0.1321885883808136,,,0.11307343095541
faceframe_second77_frame1943_0,2,1.5466309,10.6063595,77,1943,0.14350269734859467,,0.17713558673858643,0.1851183921098709,0.11826854199171066,,,0.12211266905069351
faceframe_second77_frame1949_0,2,1.713045,10.560393,77,1949,0.11434191465377808,0.11907783150672913,0.2184285819530487,0.13476954400539398,,,,0.1611582338809967
faceframe_second7_frame193_0,-1,2.2702808,-5.289566,7,193,0.12959325313568115,0.15443359315395355,0.15288245677947998,0.18636879324913025,,,,0.10796400904655457
faceframe_second7_frame199_0,-1,2.2827423,-5.2767906,7,199,0.13362334668636322,0.13849645853042603,0.11290154606103897,0.20994198322296143,,0.1275462955236435,,
faceframe_second81_frame2036_0,1,7.99447,10.5033655,81,2036,,0.14252687990665436,,0.11919404566287994,0.1287631392478943,,0.13164383172988892,0.14026422798633575
faceframe_second8_frame205_0,-1,2.2870297,-5.272515,8,205,0.16312970221042633,0.12696994841098785,,0.19165126979351044,,0.12658359110355377,,0.11729534715414047
faceframe_second8_frame211_0,-1,2.2836657,-5.2762055,8,211,0.15511655807495117,0.12498452514410019,,0.18515655398368835,,0.13672810792922974,,0.12227808684110641
faceframe_second8_frame218_0,-1,2.3158123,-5.244115,8,218,0.14415131509304047,0.1324237883090973,,0.20516376197338104,,0.11501441895961761,,0.1219404861330986
faceframe_second8_frame224_0,-1,2.2344227,-5.325005,8,224,0.23515860736370087,0.1588842123746872,0.11175666749477386,0.13810113072395325,0.10639024525880814,,,
faceframe_second91_frame2293_0,2,1.769183,11.807727,91,2293,0.1514226794242859,0.11934118717908859,0.1404755413532257,0.2141714245080948,,0.10833870619535446,,
faceframe_second91_frame2299_0,2,1.8020929,11.570053,91,2299,0.19305092096328735,0.14059007167816162,,0.1310257613658905,,,0.1574806123971939,0.10449042916297913
faceframe_second92_frame2305_0,2,1.7301111,11.454775,92,2305,0.2472434639930725,0.14511092007160187,,0.11330932378768921,,,0.11589076370000839,0.12082405388355255
faceframe_second92_frame2311_0,2,1.7703238,11.496265,92,2311,0.21791605651378632,0.14794915914535522,0.11968788504600525,0.1242561936378479,,,,0.11767706274986267
faceframe_second92_frame2318_0,2,1.7516514,11.513041,92,2318,0.16850291192531586,0.16457624733448029,0.14685745537281036,0.152872234582901,0.10839113593101501,,,
faceframe_second92_frame2324_0,2,1.4504337,11.624405,92,2324,0.18606314063072205,0.1448703408241272,0.14166690409183502,0.19533950090408325,0.1033850684762001,,,
faceframe_second94_frame2355_0,0,9.588949,5.457916,94,2355,0.22080199420452118,0.1718912571668625,0.10347951203584671,0.16291965544223785,,0.09544483572244644,,
faceframe_second94_frame2361_0,0,9.654759,5.337605,94,2361,0.2853702902793884,0.14510226249694824,0.09864994883537292,0.12913182377815247,,0.0993894711136818,,
faceframe_second98_frame2455_0,2,1.7236532,10.555622,98,2455,0.1556304693222046,0.15087760984897614,0.13636095821857452,0.13727079331874847,,0.14062145352363586,,
faceframe_second98_frame2461_0,2,1.7389847,10.560558,98,2461,0.14708371460437775,0.1356354057788849,0.2173765003681183,0.10996583849191666,,0.14899632334709167,,
faceframe_second98_frame2468_0,2,1.7357275,10.544535,98,2468,0.12494250386953354,,0.20353193581104279,0.12872041761875153,0.11896130442619324,0.1710253357887268,,
faceframe_second98_frame2474_0,2,1.6823126,10.451589,98,2474,0.13543421030044556,0.16528046131134033,0.1889200061559677,0.154953271150589,0.1139238029718399,,,
faceframe_second99_frame2480_0,2,1.7269537,10.516745,99,2480,0.1697053462266922,0.15511064231395721,0.23225149512290955,0.10536219924688339,,,,0.12136682122945786
faceframe_second99_frame2493_0,0,9.4244585,6.0871406,99,2493,0.21309475600719452,0.18556344509124756,0.158222034573555,,0.11289661377668381,0.09349794685840607,,
faceframe_second99_frame2499_0,0,9.328891,6.2772503,99,2499,0.22066086530685425,0.18774211406707764,0.15467095375061035,,0.10763665288686752,0.08879782259464264,,
faceframe_second9_frame243_0,0,10.980519,1.902406,9,243,0.1974276900291443,0.14212605357170105,0.1266450434923172,0.1351289600133896,0.14970514178276062,,,
faceframe_second103_frame2580_0,0,10.528838,1.9442054,103,2580,0.21902985870838165,0.24566808342933655,0.16071666777133942,0.10160385817289352,0.08295189589262009,,,
faceframe_second103_frame2580_1,1,8.149577,11.554353,103,2580,0.24370157718658447,0.14918363094329834,,0.09975432604551315,0.11546922475099564,,0.14566467702388763,
faceframe_second103_frame2586_0,-1,10.406883,10.326158,103,2586,0.08368316292762756,0.058375682681798935,,,0.07101903110742569,,0.5722783207893372,0.05610107630491257
faceframe_second103_frame2593_0,-1,10.412016,10.314068,103,2593,0.08359043300151825,0.059287283569574356,,,0.07078657299280167,,0.5692126154899597,0.05696243792772293
faceframe_second103_frame2599_0,1,10.464794,10.500035,103,2599,0.16371473670005798,0.16396558284759521,0.14076590538024902,0.11250849813222885,0.12746189534664154,,,
faceframe_second103_frame2599_1,-1,2.5735626,5.360571,103,2599,0.14459775388240814,0.1537891924381256,0.1366288661956787,0.0925394669175148,0.2912803888320923,,,
faceframe_second104_frame2605_0,-1,2.585517,5.3750753,104,2605,0.19327332079410553,0.15464845299720764,0.11656521260738373,0.13256242871284485,,,0.1489415317773819,
faceframe_second104_frame2611_0,0,8.767668,6.3943815,104,2611,0.1895361840724945,0.12894541025161743,0.0733262449502945,,0.36555173993110657,,0.09436555951833725,
faceframe_second104_frame2611_1,2,2.9169364,11.742686,104,2611,0.20489175617694855,0.15563897788524628,0.11048851907253265,0.12434878945350647,,,0.11058629304170609,
faceframe_second104_frame2618_0,0,8.569486,6.515782,104,2618,0.2612871825695038,0.160257026553154,0.12679409980773926,,,0.09808830171823502,0.11313705146312714,
faceframe_second104_frame2618_1,2,2.908373,11.736297,104,2618,0.18283820152282715,0.1819949895143509,0.12328097224235535,0.1247444823384285,,,0.10619892179965973,
faceframe_second104_frame2624_0,0,8.831388,6.443575,104,2624,0.2143149971961975,0.13285185396671295,,0.11978347599506378,0.22391833364963531,,0.12508176267147064,
faceframe_second104_frame2624_1,2,2.8653116,11.779309,104,2624,0.16837850213050842,0.16043880581855774,,0.1221567764878273,0.12213754653930664,,0.13354867696762085,
faceframe_second104_frame2624_2,1,7.9152384,10.611031,104,2624,0.14094644784927368,,0.15202932059764862,0.1151461973786354,,0.11415640264749527,0.18245095014572144,
faceframe_second104_frame2624_3,1,9.78306,10.879482,104,2624,,0.1283104419708252,,0.13427519798278809,0.13467036187648773,0.12308195978403091,,0.1602485030889511
faceframe_second105_frame2630_0,1,10.291285,10.432481,105,2630,0.2608813941478729,0.08386345207691193,,,0.12715385854244232,,0.2628258168697357,0.07356203347444534
faceframe_second105_frame2630_1,-1,10.653886,10.594287,105,2630,0.09067946672439575,0.2360381782054901,0.26063072681427,0.10193180292844772,,,,0.10582228004932404
faceframe_second105_frame2630_2,0,10.410336,1.8058064,105,2630,0.2276807576417923,0.2146119773387909,0.16196309030056,0.11215075105428696,0.08821722865104675,,,
faceframe_second105_frame2636_0,-1,10.766394,10.51863,105,2636,0.1731867492198944,0.23070932924747467,,0.15535396337509155,,,0.10155538469552994,0.11169377714395523
faceframe_second105_frame2636_1,0,10.260384,1.6532661,105,2636,0.2250777930021286,0.16299499571323395,0.17112120985984802,0.1017230749130249,0.11157284677028656,,,
faceframe_second105_frame2643_0,1,10.40555,10.457829,105,2643,0.12852080166339874,,0.12804757058620453,0.1369713395833969,0.13471071422100067,0.1371026188135147,,
faceframe_second105_frame2643_1,1,10.400747,10.644795,105,2643,0.20912501215934753,0.11594662815332413,,0.11397290974855423,,0.13497008383274078,,0.13414642214775085
faceframe_second105_frame2649_0,-1,10.464052,10.462758,105,2649,0.3783907890319824,0.09809267520904541,,0.09868574887514114,0.09430807828903198,,0.12102733552455902,
faceframe_second105_frame2649_1,2,2.6257994,11.34145,105,2649,0.23438525199890137,0.10135527700185776,,0.08003117144107819,0.2826577425003052,,0.10770967602729797,
faceframe_second106_frame2655_0,-1,10.454977,10.441901,106,2655,0.37704795598983765,0.10237040370702744,,0.10694486647844315,0.08992434293031693,,0.14814402163028717,
faceframe_second106_frame2661_0,0,9.777469,2.3335946,106,2661,0.2430454045534134,0.16052380204200745,0.12766920030117035,0.13055641949176788,,0.12489577382802963,,
faceframe_second107_frame2680_0,0,10.010287,4.979975,107,2680,0.2050565630197525,0.11792394518852234,,0.10857615619897842,0.25183379650115967,,0.09790971875190735,
faceframe_second107_frame2680_1,2,2.786321,11.543924,107,2680,0.16629280149936676,0.1609363555908203,,0.11882177740335464,0.12774215638637543,,0.14441317319869995,
faceframe_second107_frame2686_0,0,10.075266,4.977692,107,2686,0.28082016110420227,0.1280379295349121,,0.12257850915193558,0.1655103862285614,,0.10000918805599213,
faceframe_second107_frame2686_1,2,2.66527,11.62951,107,2686,0.215355783700943,0.14951400458812714,,0.11919295787811279,0.13707831501960754,,0.1545160710811615,
faceframe_second107_frame2693_0,0,10.064047,4.9712634,107,2693,0.328707218170166,0.13062825798988342,0.10717508941888809,0.08487866818904877,0.17099469900131226,,,
faceframe_second107_frame2693_1,2,2.9293783,11.542528,107,2693,0.18351633846759796,0.159138023853302,,0.13842259347438812,0.12975658476352692,0.11837495863437653,,
faceframe_second107_frame2699_0,-1,14.38591,0.5819958,107,2699,0.4676797091960907,,,,0.0705031007528305,0.07935236394405365,0.12446007132530212,0.0794280618429184
faceframe_second107_frame2699_1,2,2.1499994,11.664143,107,2699,0.13586002588272095,0.12379703670740128,,0.1432499885559082,0.1724821776151657,,0.13728399574756622,
faceframe_second108_frame2711_0,0,9.077434,6.157652,108,2711,0.29901108145713806,0.07673906534910202,,,0.09767212718725204,0.08510323613882065,0.265524685382843,
faceframe_second108_frame2711_1,2,2.2763028,10.647293,108,2711,0.21887005865573883,0.15528595447540283,,0.1313633918762207,0.130106583237648,,0.11564770340919495,
faceframe_second108_frame2718_0,0,9.062302,6.2459145,108,2718,0.23151028156280518,,,,0.09017255157232285,0.08911211788654327,0.28962719440460205,0.0834866613149643
faceframe_second108_frame2718_1,0,10.472997,1.9619033,108,2718,0.15765582025051117,,0.127826526761055,0.12425439804792404,,0.1545691043138504,0.11749837547540665,
faceframe_second108_frame2718_2,2,2.4588661,10.823929,108,2718,0.2413194328546524,0.13236361742019653,,0.14066137373447418,0.1256265491247177,,0.12470509111881256,
faceframe_second108_frame2724_0,0,10.368775,1.7726419,108,2724,0.1811363250017166,0.20549315214157104,0.12156063318252563,0.1238640695810318,,,,0.12088683992624283
faceframe_second108_frame2724_1,0,9.460329,4.843471,108,2724,0.13486357033252716,0.14485864341259003,0.14312471449375153,0.14311833679676056,,,,0.14048311114311218
faceframe_second108_frame2724_2,1,7.874908,10.156593,108,2724,,0.14457616209983826,0.13266082108020782,0.1680450588464737,0.12163659185171127,,,0.13292035460472107
faceframe_second109_frame2730_0,0,9.432432,4.938673,109,2730,0.1260671764612198,0.19231027364730835,0.1796618402004242,,0.19704122841358185,,0.08998356014490128,
faceframe_second109_frame2730_1,0,10.450754,1.7778581,109,2730,0.16666436195373535,0.21156440675258636,0.12365898489952087,0.14112696051597595,0.11036387830972672,,,
faceframe_second109_frame2730_2,1,7.934574,10.118849,109,2730,,0.1465604454278946,0.13302351534366608,0.16920903325080872,0.12300930172204971,,,0.12898744642734528
faceframe_second109_frame2736_0,2,1.9115014,12.001698,109,2736,0.22903724014759064,0.14744676649570465,,0.13711023330688477,0.10947313159704208,0.10532018542289734,,
faceframe_second109_frame2736_1,0,9.248425,4.284425,109,2736,0.26961567997932434,0.22854627668857574,0.13621047139167786,0.0795046016573906,0.0979674682021141,,,
faceframe_second109_frame2743_0,0,9.168301,4.1669116,109,2743,0.2623932659626007,0.2400497943162918,0.1302899867296219,0.0732872411608696,0.09492665529251099,,,
faceframe_second109_frame2743_1,2,1.7956811,12.1198,109,2743,0.1677473932504654,0.17348793148994446,0.11921791732311249,0.15051700174808502,0.16495372354984283,,,
faceframe_second109_frame2749_0,0,10.266396,1.8831092,109,2749,0.2984865605831146,0.14965207874774933,0.08810454607009888,,0.12153168022632599,,0.11779936403036118,
faceframe_second109_frame2749_1,0,8.793925,6.2721877,109,2749,0.35935071110725403,0.17082522809505463,0.1052403599023819,0.08421576023101807,0.08699923008680344,,,
faceframe_second10_frame261_0,0,10.963059,1.8324239,10,261,0.15480761229991913,,0.12918797135353088,0.1264379769563675,0.19734810292720795,0.13554762303829193,,
faceframe_second10_frame268_0,1,8.100751,11.516921,10,268,0.26524636149406433,0.1468263566493988,,0.10421241074800491,0.10253755748271942,,0.15662817656993866,
faceframe_second110_frame2755_0,0,10.483046,1.8432947,110,2755,0.2999641001224518,0.1314546763896942,0.10730553418397903,0.07902079075574875,0.16869765520095825,,,
faceframe_second110_frame2755_1,-1,19.644129,7.1827955,110,2755,0.14009849727153778,0.12536701560020447,0.12227269262075424,0.13700023293495178,0.27196550369262695,,,
faceframe_second110_frame2755_2,0,8.816492,6.344191,110,2755,0.43738287687301636,0.14615412056446075,0.09128445386886597,,0.07836957275867462,,0.07554686069488525,
faceframe_second110_frame2768_0,2,3.238479,11.268261,110,2768,0.15183061361312866,0.246580570936203,0.14977435767650604,0.14456407725811005,0.11040835082530975,,,
faceframe_second110_frame2768_1,1,7.803019,11.530461,110,2768,0.19449403882026672,0.336179256439209,0.11925631761550903,0.09364648163318634,0.07942038774490356,,,
faceframe_second110_frame2774_0,2,3.2393746,11.279541,110,2774,0.1638174057006836,0.25786474347114563,0.15316323935985565,0.13738374412059784,0.10857019573450089,,,
faceframe_second110_frame2774_1,1,7.7685814,11.556368,110,2774,0.21501809358596802,0.30637603998184204,0.12248661369085312,0.10161334276199341,0.07482123374938965,,,
faceframe_second110_frame2774_2,1,8.060979,10.547881,110,2774,0.1401902288198471,0.11922881752252579,,0.12988752126693726,0.12725500762462616,,0.1451963186264038,
faceframe_second111_frame2780_0,2,3.2467349,11.176934,111,2780,0.2308790385723114,0.2688753604888916,0.11130110174417496,0.10930674523115158,0.10036615282297134,,,
faceframe_second111_frame2780_1,1,7.8166046,11.567679,111,2780,0.24234919250011444,0.3051100969314575,0.10187367349863052,0.10187585651874542,0.0802958607673645,,,
faceframe_second111_frame2786_0,2,3.2868717,11.213168,111,2786,0.2029532641172409,0.22575512528419495,0.14412812888622284,0.12551823258399963,0.10518340021371841,,,
faceframe_second111_frame2786_1,1,7.7128124,11.564178,111,2786,0.23021169006824493,0.28661614656448364,0.112110435962677,0.10427766293287277,0.08738122880458832,,,
faceframe_second111_frame2793_0,2,3.213068,11.165129,111,2793,0.23169012367725372,0.214851975440979,0.12120973318815231,0.1076367050409317,0.09790468215942383,,,
faceframe_second111_frame2793_1,1,7.7330236,11.56374,111,2793,0.22740475833415985,0.27295398712158203,0.10816085338592529,0.10244628041982651,0.11785361915826797,,,
faceframe_second112_frame2811_0,2,2.6627674,12.038755,112,2811,0.19907930493354797,0.1608801931142807,,0.11978531628847122,0.11606291681528091,0.14667905867099762,,
faceframe_second112_frame2818_0,2,2.6050904,12.109259,112,2818,0.21905553340911865,0.15645362436771393,,0.10852383822202682,0.10653287917375565,0.13724558055400848,,
faceframe_second112_frame2824_0,0,9.156889,5.513772,112,2824,0.18611778318881989,0.18705914914608002,0.1497676521539688,0.1278405338525772,0.11280831694602966,,,
faceframe_second113_frame2830_0,0,9.111059,5.606106,113,2830,0.18850350379943848,0.19170725345611572,0.14791575074195862,0.12734968960285187,0.1111164465546608,,,
faceframe_second119_frame2993_0,0,9.177388,5.572856,119,2993,0.33134210109710693,0.15951526165008545,0.10461827367544174,0.09730251878499985,,0.0808250904083252,,
faceframe_second11_frame280_0,1,8.133273,11.550372,11,280,0.29678767919540405,0.1354987770318985,,0.14021523296833038,0.08762992918491364,,0.118109792470932,
faceframe_second11_frame286_0,-1,2.619236,5.408632,11,286,0.41973617672920227,0.1098090186715126,,0.07517372816801071,0.1029883548617363,,0.0995708703994751,
faceframe_second11_frame286_1,1,11.36089,10.206931,11,286,0.28819090127944946,0.10268466919660568,,0.1277628391981125,,0.09842447191476822,,0.11965178698301315
faceframe_second11_frame293_0,-1,2.6167972,5.406513,11,293,0.2253638058900833,0.10542672872543335,,0.08667843788862228,0.24465487897396088,,0.11828814446926117,
faceframe_second11_frame293_1,1,11.372391,10.205735,11,293,0.21723675727844238,0.11785406619310379,,0.13365742564201355,,0.1136588454246521,,0.1348363757133484
faceframe_second121_frame3036_0,1,7.9847493,10.641397,121,3036,0.148761585354805,0.15077459812164307,0.12971191108226776,,0.12034350633621216,,0.12681889533996582,
faceframe_second121_frame3043_0,2,3.3219302,11.205144,121,3043,0.247462198138237,0.19715338945388794,0.10794434696435928,0.12663772702217102,,,0.09471471607685089,
faceframe_second121_frame3049_0,2,1.0267148,10.707208,121,3049,0.3200286626815796,0.21469083428382874,0.09600832313299179,0.09994934499263763,0.08373868465423584,,,
faceframe_second122_frame3055_0,2,1.3424803,10.524329,122,3055,0.33395928144454956,0.24001821875572205,0.10356467962265015,0.0850646048784256,0.06962277740240097,,,
faceframe_second122_frame3061_0,2,1.5779054,10.559981,122,3061,0.2846003472805023,0.24951127171516418,0.10977855324745178,0.1257171928882599,0.07205642759799957,,,
faceframe_second122_frame3068_0,2,2.3039117,12.417929,122,3068,0.35366904735565186,0.13533146679401398,0.09209167957305908,0.09282935410737991,,0.09635493904352188,,
faceframe_second122_frame3074_0,2,2.3609245,12.423723,122,3074,0.3618107736110687,0.14918003976345062,0.08419044315814972,0.11215726286172867,0.08526092022657394,,,
faceframe_second123_frame3080_0,2,2.2752197,12.469662,123,3080,0.35781651735305786,0.15666808187961578,0.08923596143722534,0.09913208335638046,,0.09100296348333359,,
faceframe_second123_frame3086_0,2,2.2486148,12.511937,123,3086,0.3880058825016022,0.1294027417898178,,0.08376190066337585,0.10080503672361374,0.0791798084974289,,
faceframe_second123_frame3093_0,2,2.283826,12.464315,123,3093,0.3942596912384033,0.13006968796253204,0.08300404250621796,0.0776967778801918,0.10088824480772018,,,
faceframe_second123_frame3099_0,2,2.387626,12.399333,123,3099,0.3303784728050232,0.14026443660259247,0.10207897424697876,0.10510838031768799,0.09555991739034653,,,
faceframe_second124_frame3105_0,2,2.524485,12.29916,124,3105,0.356606662273407,0.1299140602350235,0.09851773828268051,0.09938652068376541,0.09855151176452637,,,
faceframe_second124_frame3111_0,1,7.872774,10.5156765,124,3111,0.1370897889137268,0.14061963558197021,0.14032471179962158,0.12405611574649811,,0.12241537123918533,,
faceframe_second125_frame3149_0,2,4.370306,10.367789,125,3149,0.26461857557296753,0.18427234888076782,0.12233751267194748,0.11622829735279083,,0.08500227332115173,,
faceframe_second126_frame3155_0,2,4.2853746,10.436363,126,3155,0.19025960564613342,0.2837105095386505,0.12801946699619293,0.11827873438596725,0.07953497022390366,,,
faceframe_second127_frame3199_0,2,4.675114,10.227291,127,3199,0.1856921762228012,0.16364935040473938,0.11347977072000504,0.1359676867723465,,,0.11697500199079514,
faceframe_second128_frame3205_0,0,9.245246,6.645258,128,3205,0.31666356325149536,0.14639590680599213,0.09554394334554672,0.10272818803787231,,,0.09868194162845612,
faceframe_second128_frame3205_1,2,4.5376296,10.344389,128,3205,0.31660890579223633,0.15045101940631866,0.10205265134572983,0.10821452736854553,,0.08894634991884232,,
faceframe_second128_frame3211_0,2,4.4337516,10.449148,128,3211,0.2534356713294983,0.20531798899173737,0.1097278743982315,0.11160173267126083,,,,0.08439181745052338
faceframe_second128_frame3211_1,0,9.170152,6.8169684,128,3211,0.2986243665218353,0.12685638666152954,,0.10756520181894302,,0.101420558989048,0.11139973253011703,
faceframe_second128_frame3218_0,2,4.252696,10.492944,128,3218,0.26931867003440857,0.2100008875131607,0.11062844842672348,0.11607836186885834,,,,0.07997139543294907
faceframe_second129_frame3230_0,2,4.593861,10.236656,129,3230,0.2730591595172882,0.1543244868516922,0.11364548653364182,0.1230214312672615,,,,0.09813924878835678
faceframe_second12_frame311_0,1,6.7709026,9.910832,12,311,0.43190452456474304,0.13894051313400269,0.10078512132167816,0.08075770735740662,0.0772581696510315,,,
faceframe_second12_frame311_1,1,6.6075797,9.761991,12,311,0.4419221580028534,0.10446126013994217,0.07637180387973785,,0.10162808746099472,,0.09615923464298248,
faceframe_second130_frame3255_0,0,9.223357,5.4323115,130,3255,0.30923569202423096,0.16932904720306396,0.1108715757727623,0.12295851111412048,,0.08816925436258316,,
faceframe_second130_frame3261_0,0,9.172213,5.3715606,130,3261,0.254530668258667,0.20595957338809967,0.11498671770095825,0.14637121558189392,0.07882607728242874,,,
faceframe_second130_frame3268_0,0,9.164243,5.2735963,130,3268,0.3145822584629059,0.1734336018562317,0.09213484078645706,0.12166813015937805,0.08139606565237045,,,
faceframe_second130_frame3274_0,0,9.182601,5.309149,130,3274,0.377421498298645,0.14750264585018158,0.0825314000248909,0.11043474823236465,,0.07858354598283768,,
faceframe_second60_frame1505_0,2,3.3070369,11.801616,60,1505,0.19376255571842194,0.17709113657474518,0.12822824716567993,,0.11366863548755646,0.11737405508756638,,
faceframe_second64_frame1605_0,-1,7.5128937,3.164604,64,1605,0.20495010912418365,0.17580491304397583,,0.11873788386583328,0.13891653716564178,0.1050763949751854,,
faceframe_second77_frame1930_0,2,1.8441234,11.138314,77,1930,0.16575756669044495,0.16812223196029663,0.18293020129203796,0.1414303183555603,,0.10081938654184341,,
faceframe_second136_frame3405_0,0,10.950335,1.6980721,136,3405,0.32944396138191223,0.13625094294548035,0.09405328333377838,0.12810896337032318,,0.08261492848396301,,
faceframe_second136_frame3411_0,0,10.936833,1.7264283,136,3411,0.30163073539733887,0.12796013057231903,0.09589525312185287,0.12269280105829239,0.10365495085716248,,,
faceframe_second136_frame3418_0,0,10.861706,1.7974017,136,3418,0.27903470396995544,0.1479954719543457,0.10583991557359695,0.1245599165558815,0.10351286083459854,,,
faceframe_second136_frame3424_0,0,10.884484,1.700507,136,3424,0.24709318578243256,0.15144741535186768,0.12854212522506714,0.11291009932756424,,0.1195148304104805,,
faceframe_second137_frame3430_0,0,10.925388,1.7610111,137,3430,0.19508154690265656,0.1350744366645813,0.13701941072940826,,0.11685781925916672,0.11661448329687119,,
faceframe_second137_frame3443_0,0,11.062563,1.7186409,137,3443,0.27758923172950745,0.12102319300174713,,0.12103898078203201,0.10608676820993423,0.09552030265331268,,
faceframe_second143_frame3586_0,1,7.396653,11.460905,143,3586,0.15302225947380066,0.1535671055316925,0.14629527926445007,0.12997440993785858,0.1424115151166916,,,
faceframe_second143_frame3586_1,-1,6.6986794,7.20743,143,3586,0.1553259789943695,0.15049521625041962,,0.10970968753099442,0.11933796107769012,,0.17292481660842896,
faceframe_second143_frame3586_2,1,6.9042897,11.897819,143,3586,0.11747102439403534,0.26894962787628174,0.13558317720890045,0.13277414441108704,,,0.09647510945796967,
faceframe_second143_frame3586_3,2,2.022633,11.588278,143,3586,0.15718093514442444,0.16927799582481384,0.15663518011569977,0.11709033697843552,0.12103288620710373,,,
faceframe_second143_frame3586_4,1,7.454503,10.627828,143,3586,0.1243218332529068,0.20199845731258392,0.14657868444919586,0.14877112209796906,,,,0.10258498787879944
faceframe_second143_frame3586_5,-1,12.855356,11.483695,143,3586,0.11322563141584396,0.15932050347328186,0.15745699405670166,,0.1292448192834854,0.1286807507276535,,
faceframe_second143_frame3586_6,1,7.9652557,10.135326,143,3586,0.18062065541744232,0.16357433795928955,0.12189161777496338,,0.14941193163394928,,0.11545597016811371,
faceframe_second143_frame3593_0,1,5.738457,9.820143,143,3593,0.1443752497434616,0.1838262379169464,0.1486782431602478,0.11451160162687302,0.1261267066001892,,,
faceframe_second143_frame3593_1,1,6.9918966,11.827022,143,3593,0.13016246259212494,0.3106878995895386,0.12364694476127625,0.120136559009552,,,0.08990886807441711,
faceframe_second143_frame3593_2,-1,6.7178016,7.135814,143,3593,0.1592341661453247,0.16876225173473358,,0.11678122729063034,0.15225975215435028,,0.12732242047786713,
faceframe_second143_frame3593_3,-1,7.216769,5.031215,143,3593,0.12373367697000504,0.11447229981422424,0.14621305465698242,,0.14264525473117828,0.21277551352977753,,
faceframe_second143_frame3593_4,-1,12.829874,11.384771,143,3593,0.11980786174535751,0.14181677997112274,0.1399596631526947,,0.13393892347812653,0.14162200689315796,,
faceframe_second143_frame3593_5,-1,12.046361,4.479116,143,3593,0.19227935373783112,,0.11495601385831833,,0.13146571815013885,0.1543392539024353,0.11702694743871689,
faceframe_second143_frame3599_0,-1,7.20436,5.00355,143,3599,0.1573280394077301,0.11734870076179504,0.1577724665403366,,0.14157366752624512,0.15355649590492249,,
faceframe_second143_frame3599_1,-1,6.671112,7.206048,143,3599,0.14338254928588867,0.20783470571041107,,0.12087269127368927,0.15594880282878876,,0.1223590150475502,
faceframe_second143_frame3599_2,0,9.243966,4.991256,143,3599,0.1812119334936142,0.17112740874290466,0.12592123448848724,,0.11962888389825821,,0.12226498872041702,
faceframe_second143_frame3599_3,1,6.878566,11.930311,143,3599,0.13946543633937836,0.2969949543476105,0.13048645853996277,0.11637184023857117,0.08940000087022781,,,
faceframe_second143_frame3599_4,-1,12.823748,11.392401,143,3599,0.12137638032436371,0.12575663626194,0.14093101024627686,,0.12180907279253006,0.15653060376644135,,
faceframe_second143_frame3599_5,1,7.4943204,11.129166,143,3599,,,0.12883715331554413,0.1280629187822342,0.12602785229682922,0.14658476412296295,,0.12657788395881653
faceframe_second144_frame3605_0,0,9.1415615,5.1670547,144,3605,0.16835929453372955,0.16705870628356934,,0.13070009648799896,0.11229803413152695,,0.11305642873048782,
faceframe_second144_frame3605_1,-1,6.689901,7.202154,144,3605,0.15687379240989685,0.16500671207904816,,0.13206437230110168,0.12973743677139282,,0.13702614605426788,
faceframe_second144_frame3605_2,-1,7.197533,4.9738684,144,3605,0.17209917306900024,0.12671901285648346,0.13540786504745483,,0.1343955546617508,0.15041643381118774,,
faceframe_second144_frame3605_3,1,7.466265,11.347237,144,3605,0.13689079880714417,,0.12060297280550003,0.11144082248210907,0.15590068697929382,0.15900884568691254,,
faceframe_second144_frame3605_4,1,6.867992,11.921904,144,3605,0.16501906514167786,0.22268126904964447,0.1322372853755951,0.12166722118854523,,0.09525919705629349,,
faceframe_second144_frame3605_5,-1,12.756896,11.350487,144,3605,0.14252901077270508,0.14904971420764923,0.12835218012332916,0.1169186532497406,,0.1384733021259308,,
faceframe_second144_frame3611_0,-1,7.144128,5.055135,144,3611,0.14768622815608978,0.12637627124786377,0.11908039450645447,,0.14239664375782013,0.16981913149356842,,
faceframe_second144_frame3611_1,-1,12.669923,11.26829,144,3611,0.14771918952465057,0.12847787141799927,0.13464035093784332,,0.12884223461151123,0.16384194791316986,,
faceframe_second144_frame3611_2,-1,6.622396,7.160212,144,3611,0.16098178923130035,0.17272064089775085,0.116326704621315,,0.141535684466362,,0.12814712524414062,
faceframe_second144_frame3611_3,1,7.4136395,11.419676,144,3611,0.1515030562877655,0.15797409415245056,0.15769752860069275,0.10954812914133072,0.1337772011756897,,,
faceframe_second144_frame3611_4,1,8.039574,10.138908,144,3611,0.15932685136795044,0.15825721621513367,0.16219711303710938,0.11097791790962219,,,,0.11459469795227051
faceframe_second144_frame3618_0,-1,6.6649585,7.1779294,144,3618,0.15390367805957794,0.14992094039916992,,0.12073598057031631,0.12818124890327454,,0.15644952654838562,
faceframe_second144_frame3618_1,-1,7.189285,5.0021877,144,3618,0.14852206408977509,0.13232949376106262,0.1296810805797577,,0.13551394641399384,0.14519189298152924,,
faceframe_second144_frame3618_2,-1,12.805637,11.409395,144,3618,0.13983026146888733,,0.13993065059185028,0.11523803323507309,0.12238971143960953,0.18993251025676727,,
faceframe_second144_frame3618_3,1,7.44051,11.404255,144,3618,0.14514315128326416,0.13155749440193176,0.16141772270202637,,0.1371919959783554,,0.11820200830698013,
faceframe_second144_frame3624_0,0,9.2128,2.240522,144,3624,0.31482216715812683,0.19088253378868103,,0.07672931253910065,0.15744717419147491,,0.0891890600323677,
faceframe_second144_frame3624_1,-1,13.309202,2.4279618,144,3624,0.1460142731666565,0.17922094464302063,0.1136014461517334,,0.2758655250072479,,0.11641132831573486,
faceframe_second144_frame3624_2,-1,11.384596,12.790031,144,3624,0.20399507880210876,0.1060635894536972,,0.09363099932670593,0.14354480803012848,,0.2572260797023773,
faceframe_second144_frame3624_3,-1,19.57738,7.0982366,144,3624,0.12220269441604614,0.10288109630346298,,0.08838295191526413,0.114992156624794,,0.35677585005760193,
faceframe_second144_frame3624_4,-1,12.456681,4.6265564,144,3624,0.1417037397623062,0.11776410043239594,,0.1136438325047493,0.11825529485940933,,0.22784914076328278,
faceframe_second144_frame3624_5,-1,9.94767,14.755073,144,3624,0.16664594411849976,0.13923321664333344,,0.1366908848285675,0.11170204728841782,,0.20083370804786682,
faceframe_second144_frame3624_6,-1,14.419903,0.5462206,144,3624,0.21090295910835266,0.1358994096517563,0.1146489754319191,,,0.12134159356355667,0.15765689313411713,
faceframe_second145_frame3630_0,-1,13.27046,2.5250506,145,3630,0.13276223838329315,0.1925877332687378,0.12377048283815384,,0.2671428322792053,,0.11403651535511017,
faceframe_second145_frame3630_1,0,9.070085,2.3940015,145,3630,0.1522146761417389,0.18343457579612732,,0.14069411158561707,0.23002345860004425,,0.1045210137963295,
faceframe_second145_frame3630_2,-1,9.93784,14.780712,145,3630,0.20669282972812653,0.14255163073539734,,0.12020103633403778,0.11245778203010559,,0.1734800487756729,
faceframe_second145_frame3630_3,-1,11.344318,12.7675495,145,3630,0.19098350405693054,,,0.10868564993143082,0.12034325301647186,0.11446637660264969,0.2266601324081421,
faceframe_second145_frame3630_4,-1,14.387324,0.5819469,145,3630,0.1713722199201584,0.1340693235397339,0.09908776730298996,,,0.10102440416812897,0.2240210473537445,
faceframe_second145_frame3630_5,-1,12.471651,4.613314,145,3630,0.13855358958244324,0.13206377625465393,,0.11449586600065231,,0.11521036177873611,0.19171062111854553,
faceframe_second145_frame3630_6,-1,19.623627,7.1451035,145,3630,0.10122504085302353,0.10032115131616592,,0.08962347358465195,0.11168289184570312,,0.38441747426986694,
faceframe_second145_frame3636_0,-1,13.399777,2.426786,145,3636,0.14521445333957672,0.16029344499111176,0.12310868501663208,,0.25525736808776855,,0.12440755218267441,
faceframe_second145_frame3636_1,-1,9.916973,14.812019,145,3636,0.19733864068984985,0.153913214802742,,0.13360223174095154,0.10893386602401733,,0.16974276304244995,
faceframe_second145_frame3636_2,0,9.004194,2.5370634,145,3636,0.10390122979879379,0.27512410283088684,0.11724194884300232,0.139731302857399,0.18743100762367249,,,
faceframe_second145_frame3636_3,-1,11.35459,12.779751,145,3636,0.16014721989631653,,,0.10069490224123001,0.20165549218654633,0.10410100966691971,0.20850752294063568,
faceframe_second145_frame3636_4,-1,14.496186,0.47193852,145,3636,0.1443752646446228,0.1158297210931778,0.09119676053524017,,,0.09014862775802612,0.30372342467308044,
faceframe_second145_frame3636_5,-1,19.61826,7.1392717,145,3636,0.10849160701036453,0.08823727816343307,,0.08181827515363693,0.1136510819196701,,0.40870779752731323,
faceframe_second145_frame3636_6,-1,12.415134,4.58042,145,3636,0.13721796870231628,0.14014357328414917,0.12970894575119019,,0.11912626028060913,,0.15607950091362,
faceframe_second145_frame3636_7,-1,6.6993933,13.799,145,3636,0.1479547768831253,,,0.12004547566175461,0.11924655735492706,0.1594454050064087,0.13347141444683075,
faceframe_second145_frame3643_0,-1,13.32581,2.4092987,145,3643,0.20016548037528992,0.20010657608509064,0.12409555912017822,,0.15768811106681824,,0.11487387120723724,
faceframe_second145_frame3643_1,-1,9.873172,14.865408,145,3643,0.17696164548397064,0.1609353870153427,,0.1335446685552597,0.10217572748661041,,0.1590847671031952,
faceframe_second145_frame3643_2,0,9.008021,2.523572,145,3643,0.1933666616678238,0.24453668296337128,0.08907005190849304,0.11529141664505005,0.19631558656692505,,,
faceframe_second145_frame3643_3,-1,14.425373,0.5447187,145,3643,0.16636236011981964,0.11979161202907562,,,0.09358381479978561,0.09732887893915176,0.2715596854686737,
faceframe_second145_frame3643_4,-1,11.366215,12.899794,145,3643,0.1442306488752365,,,0.10143987834453583,0.18193015456199646,0.09648507088422775,0.2660641074180603,
faceframe_second145_frame3643_5,-1,12.489384,4.6558757,145,3643,0.1294354349374771,0.12798218429088593,,,0.11059030145406723,0.1172938123345375,0.20526403188705444,
faceframe_second145_frame3643_6,-1,19.596209,7.116841,145,3643,0.10660077631473541,0.09207107871770859,,0.08202559500932693,0.09375957399606705,,0.4243801534175873,
faceframe_second145_frame3643_7,-1,6.6801305,13.779794,145,3643,0.16567771136760712,,0.12373504042625427,0.12304158508777618,0.11584024876356125,0.1718088984489441,,
faceframe_second145_frame3649_0,-1,13.37444,2.3818095,145,3649,0.16459311544895172,0.20391081273555756,0.13693179190158844,,0.17772991955280304,,0.11512218415737152,
faceframe_second145_frame3649_1,-1,9.896565,14.852803,145,3649,0.19226154685020447,0.16429071128368378,,0.14290282130241394,0.11248230934143066,,0.15109795331954956,
faceframe_second145_frame3649_2,0,9.062886,2.4798772,145,3649,0.13069316744804382,0.18940266966819763,,0.15527969598770142,0.1773102879524231,,0.11052683740854263,
faceframe_second145_frame3649_3,-1,11.416434,12.838299,145,3649,0.14300081133842468,0.08804064989089966,,0.1100895032286644,0.17159610986709595,,0.26518458127975464,
faceframe_second145_frame3649_4,-1,14.389764,0.57811844,145,3649,0.1736546754837036,0.09950567781925201,,,0.0900733694434166,0.09373204410076141,0.3075530529022217,
faceframe_second145_frame3649_5,-1,19.50041,7.020499,145,3649,0.11398224532604218,0.09642963856458664,,0.07770632207393646,0.11895158886909485,,0.39640524983406067,
faceframe_second145_frame3649_6,-1,12.480866,4.637512,145,3649,0.14610867202281952,0.12273523956537247,0.09956911206245422,,0.106422059237957,,0.2564128339290619,
faceframe_second145_frame3649_7,-1,6.6847067,13.815045,145,3649,0.1696389764547348,,0.12269768863916397,0.12484270334243774,,0.17930908501148224,,0.11208753287792206
faceframe_second146_frame3655_0,-1,11.394288,12.836931,146,3655,0.13035087287425995,,,0.08613428473472595,0.29403775930404663,0.08807496726512909,0.19378171861171722,
faceframe_second146_frame3655_1,-1,9.86549,14.874742,146,3655,0.18157465755939484,0.17971891164779663,,0.1517452448606491,0.11853177100419998,,0.13057826459407806,
faceframe_second146_frame3655_2,-1,13.340339,2.4550493,146,3655,0.1894090473651886,0.2078741043806076,0.1249130368232727,,0.15234798192977905,,0.11626321822404861,
faceframe_second146_frame3655_3,0,9.002712,2.4070551,146,3655,0.13707244396209717,0.15661761164665222,,0.09233812987804413,0.1924048215150833,,0.20310185849666595,
faceframe_second146_frame3655_4,-1,14.4247265,0.5453119,146,3655,0.1510322093963623,0.10304955393075943,,,0.08966188132762909,0.09676887840032578,0.3155262768268585,
faceframe_second146_frame3655_5,-1,12.496967,4.650751,146,3655,0.14693385362625122,0.09704690426588058,,,0.09242678433656693,0.08411837369203568,0.3373994529247284,
faceframe_second146_frame3655_6,-1,19.63827,7.1585827,146,3655,0.08743875473737717,0.07701531052589417,,0.07916350662708282,0.18436405062675476,,0.38893646001815796,
faceframe_second146_frame3655_7,-1,6.695801,13.80238,146,3655,0.16205300390720367,,0.11311251670122147,0.11215703189373016,0.11439348012208939,0.1906697303056717,,
faceframe_second146_frame3661_0,-1,9.850718,14.888419,146,3661,0.16984997689723969,0.1692286729812622,,0.1582324355840683,0.1098286584019661,,0.1392407864332199,
faceframe_second146_frame3661_1,-1,13.377274,2.4702075,146,3661,0.1510213017463684,0.2155085951089859,0.14421771466732025,,0.19135241210460663,,0.10446743667125702,
faceframe_second146_frame3661_2,-1,11.428007,12.876555,146,3661,0.12264542281627655,,,0.08380336314439774,0.361715704202652,0.07800702750682831,0.16723883152008057,
faceframe_second146_frame3661_3,0,9.14182,2.3715785,146,3661,0.12674672901630402,0.10884909331798553,,0.07776318490505219,0.2711031138896942,,0.21951203048229218,
faceframe_second146_frame3661_4,-1,19.624277,7.145267,146,3661,0.06404893845319748,0.0639098510146141,,,0.08088671416044235,0.064073346555233,0.5618100762367249,
faceframe_second146_frame3661_5,-1,14.439495,0.5332325,146,3661,0.1458992063999176,0.11396563798189163,0.09250243753194809,,,0.09446647763252258,0.2949424088001251,
faceframe_second146_frame3661_6,-1,12.471623,4.6300263,146,3661,0.14939063787460327,0.11663366109132767,0.10085953772068024,0.10587876290082932,,,0.23797684907913208,
faceframe_second146_frame3661_7,-1,6.6970434,13.798811,146,3661,0.15253254771232605,,0.12308859080076218,0.11795265972614288,0.11061173677444458,0.1923745572566986,,
faceframe_second146_frame3668_0,-1,9.903702,14.8362875,146,3668,0.17540264129638672,0.18608656525611877,,0.16182614862918854,0.10336370766162872,,0.13834375143051147,
faceframe_second146_frame3668_1,-1,11.362896,12.887995,146,3668,0.10981990396976471,0.07667792588472366,,0.11023492366075516,0.36360105872154236,,0.15987156331539154,
faceframe_second146_frame3668_2,-1,19.623932,7.144594,146,3668,0.07369158416986465,0.07134450227022171,,0.06514053046703339,0.07677329331636429,,0.5371124744415283,
faceframe_second146_frame3668_3,-1,13.386573,2.455164,146,3668,0.14480294287204742,0.19089758396148682,0.13733991980552673,,0.13692951202392578,,0.15051189064979553,
faceframe_second146_frame3668_4,0,9.2222185,2.3567157,146,3668,0.15344096720218658,0.1190338060259819,,,0.1773664802312851,0.0863056406378746,0.23701485991477966,
faceframe_second146_frame3668_5,-1,14.460567,0.50866926,146,3668,0.14611712098121643,0.08826296776533127,,,0.08553315699100494,,0.37847843766212463,0.08291394263505936
faceframe_second146_frame3668_6,-1,12.483594,4.6540713,146,3668,0.1250070482492447,0.12787310779094696,,0.1111028790473938,,0.1065131276845932,0.2373047173023224,
faceframe_second146_frame3674_0,-1,10.494545,10.1178665,146,3674,0.16551221907138824,,,0.12374860048294067,0.12418282777070999,0.2570769190788269,0.11341096460819244,
faceframe_second147_frame3686_0,-1,10.519519,10.110031,147,3686,0.0973396822810173,,,0.08784349262714386,0.17283082008361816,0.10445240885019302,0.37655630707740784,
faceframe_second147_frame3693_0,-1,10.576153,10.195187,147,3693,0.09296662360429764,,,0.07897436618804932,0.08209456503391266,0.08331107348203659,0.5068281888961792,
faceframe_second147_frame3699_0,-1,10.521893,10.236516,147,3699,0.19146697223186493,,,0.13345561921596527,0.1012481153011322,0.19516760110855103,0.15575817227363586,
faceframe_second148_frame3705_0,-1,10.55192,10.209485,148,3705,0.19068919122219086,,,0.11593164503574371,0.1108059361577034,0.2214420586824417,0.14798185229301453,
faceframe_second148_frame3711_0,-1,10.532204,10.213363,148,3711,0.10654760152101517,,,0.09150194376707077,0.08621422201395035,0.12679050862789154,0.41027572751045227,
faceframe_second148_frame3718_0,0,10.046416,1.7944232,148,3718,0.08983484655618668,0.18777918815612793,0.09896038472652435,0.10633336007595062,0.363145649433136,,,
faceframe_second148_frame3724_0,0,9.965839,1.7946227,148,3724,0.11287810653448105,0.20953437685966492,0.12332361191511154,0.10910020023584366,0.2716950476169586,,,
faceframe_second149_frame3730_0,0,9.924605,1.8420693,149,3730,0.1191338375210762,0.16042174398899078,0.09749838709831238,0.11263495683670044,0.3242736756801605,,,
faceframe_second149_frame3736_0,0,10.004137,1.7617861,149,3736,0.12907226383686066,0.24169644713401794,0.15158861875534058,0.12830886244773865,0.16314637660980225,,,
faceframe_second149_frame3743_0,0,10.101651,1.8484061,149,3743,0.12710224092006683,0.17782337963581085,0.12674666941165924,0.12183721363544464,0.2472561150789261,,,
faceframe_second149_frame3749_0,0,9.93534,1.7438449,149,3749,0.12236625701189041,0.21550901234149933,0.14383630454540253,0.13269028067588806,0.1960248351097107,,,
faceframe_second150_frame3761_0,0,9.999929,1.7403264,150,3761,0.16865260899066925,0.168365940451622,0.16377981007099152,0.11427533626556396,,0.12403297424316406,,
faceframe_second150_frame3768_0,0,10.015299,1.7792735,150,3768,0.1678376942873001,0.1809513419866562,0.1734665483236313,0.11681312322616577,0.10947863012552261,,,
faceframe_second150_frame3774_0,2,1.7555504,10.491849,150,3774,0.0936162993311882,0.114777110517025,0.2695007920265198,0.1442696750164032,,,,0.13684234023094177
faceframe_second150_frame3774_1,1,11.511221,10.356008,150,3774,0.17965267598628998,0.1134776845574379,,0.11681383103132248,,0.10889153927564621,0.17135478556156158,
faceframe_second151_frame3780_0,1,11.560138,10.389018,151,3780,0.1560579389333725,0.15186254680156708,0.1088169738650322,0.11550170928239822,,,0.2074538916349411,
faceframe_second151_frame3780_1,2,2.981405,10.694612,151,3780,0.2020462155342102,,0.13177607953548431,0.14806437492370605,,0.10896547883749008,,0.12516655027866364
faceframe_second151_frame3786_0,1,11.679078,10.470633,151,3786,0.158054918050766,0.13068483769893646,,0.14058201014995575,0.11315493285655975,,0.14590412378311157,
faceframe_second151_frame3786_1,2,3.2577486,10.615358,151,3786,0.14235498011112213,,0.126157745718956,0.17875508964061737,,0.1408856064081192,,0.12317128479480743
faceframe_second151_frame3786_2,0,9.760914,4.450625,151,3786,0.21276557445526123,0.17025388777256012,0.13692352175712585,0.10661859065294266,,0.11110220849514008,,
faceframe_second151_frame3793_0,0,9.778002,4.2003255,151,3793,0.15504658222198486,0.15016287565231323,0.14450693130493164,0.1192077174782753,,0.11687890440225601,,
faceframe_second151_frame3793_1,1,11.551148,10.357892,151,3793,0.17415890097618103,0.1410650610923767,0.11869912594556808,0.13502801954746246,,,0.16034802794456482,
faceframe_second151_frame3793_2,2,3.1017532,10.486708,151,3793,0.15499728918075562,,0.12923122942447662,0.17334048449993134,,0.12875409424304962,,0.12442723661661148
faceframe_second151_frame3799_0,0,9.820856,4.1639314,151,3799,0.13879956305027008,0.16695371270179749,0.13186980783939362,0.13047704100608826,,,0.12252596765756607,
faceframe_second151_frame3799_1,1,11.538649,10.391528,151,3799,0.15576127171516418,0.13277140259742737,,0.13195154070854187,,0.10919150710105896,0.17250776290893555,
faceframe_second152_frame3811_0,0,9.6730385,4.1148877,152,3811,0.11555786430835724,0.2594050467014313,,0.11758692562580109,0.11731401830911636,,0.11517682671546936,
faceframe_second152_frame3818_0,0,9.840155,4.079522,152,3818,,0.2552510201931,0.1263873130083084,0.13848544657230377,0.1244937926530838,,0.11200588941574097,
faceframe_second152_frame3824_0,0,9.726786,4.0706577,152,3824,0.10908682644367218,0.27999231219291687,0.13207563757896423,0.12378563731908798,0.1122053936123848,,,
faceframe_second152_frame3824_1,-1,2.8252974,5.617616,152,3824,0.21576812863349915,0.17732617259025574,0.10931084305047989,0.10780148953199387,,,0.1301322728395462,
faceframe_second154_frame3874_0,-1,13.293326,2.2156093,154,3874,0.23686453700065613,0.13214339315891266,,,0.12400144338607788,0.11364978551864624,0.12618549168109894,
faceframe_second154_frame3874_1,-1,3.3052976,-0.22857098,154,3874,0.2235415130853653,0.33900022506713867,0.09590305387973785,0.09709977358579636,0.07451651990413666,,,
faceframe_second155_frame3880_0,-1,13.504506,2.1077251,155,3880,0.20804719626903534,0.16329272091388702,,,0.12183248996734619,0.10744912177324295,0.12123547494411469,
faceframe_second155_frame3880_1,-1,3.2982666,-0.2363024,155,3880,0.2215423434972763,0.3022412061691284,0.1057695597410202,0.09501788765192032,0.08658663928508759,,,
faceframe_second155_frame3886_0,-1,3.345647,-0.18844879,155,3886,0.19110149145126343,0.28558340668678284,0.11880865693092346,0.1043037623167038,0.09978000074625015,,,
faceframe_second155_frame3886_1,1,7.729094,10.87522,155,3886,0.1854022592306137,0.14977945387363434,,,0.12099125981330872,,0.1505020409822464,0.10029634833335876
faceframe_second155_frame3893_0,-1,3.3283072,-0.20657066,155,3893,0.18981309235095978,0.29137614369392395,0.11914405226707458,0.09916982799768448,0.09144002944231033,,,
faceframe_second155_frame3899_0,-1,3.3409178,-0.19370672,155,3899,0.19594107568264008,0.3004133105278015,0.11387025564908981,0.09936091303825378,0.09225022792816162,,,
faceframe_second156_frame3905_0,-1,3.295744,-0.23824051,156,3905,0.24047379195690155,0.2993607521057129,0.11372363567352295,0.0913776159286499,0.07613404095172882,,,
faceframe_second156_frame3911_0,-1,3.309945,-0.22391573,156,3911,0.2324102818965912,0.2838437557220459,0.11552703380584717,0.09511629492044449,0.08156099915504456,,,
faceframe_second156_frame3918_0,0,9.748023,4.0058675,156,3918,0.13734835386276245,0.2585129737854004,0.1663462519645691,0.11191009730100632,0.10555016249418259,,,
faceframe_second156_frame3924_0,0,9.712384,4.2740097,156,3924,0.15246127545833588,0.25117066502571106,0.16585291922092438,0.1152031272649765,0.09970398247241974,,,
faceframe_second157_frame3930_0,0,9.87681,4.351867,157,3930,0.19449345767498016,0.2548937499523163,0.14483503997325897,0.10863562673330307,,,,0.07592426985502243
faceframe_second157_frame3936_0,0,9.667858,4.432694,157,3936,0.17517125606536865,0.2658843398094177,0.1487559676170349,0.08806020021438599,0.10254432260990143,,,
faceframe_second157_frame3943_0,0,9.782439,4.389887,157,3943,0.20186656713485718,0.18067172169685364,0.12263787537813187,0.11739391088485718,0.11017090827226639,,,
faceframe_second157_frame3949_0,0,9.505137,4.420601,157,3949,0.15116754174232483,0.2638016641139984,0.15516123175621033,0.08691714704036713,0.1198214516043663,,,
faceframe_second158_frame3961_0,0,9.459268,4.40598,158,3961,0.14731931686401367,0.18088246881961823,0.13282687962055206,0.11673105508089066,0.13216428458690643,,,
faceframe_second158_frame3968_0,0,9.573984,4.2830906,158,3968,0.17597328126430511,0.15209592878818512,,0.13486480712890625,0.11780348420143127,0.11702599376440048,,
faceframe_second158_frame3974_0,0,9.689231,4.3528,158,3974,0.31579458713531494,0.1314709484577179,0.09249955415725708,,0.10350491106510162,0.10891132056713104,,
faceframe_second159_frame3980_0,0,9.375216,4.6338167,159,3980,0.2140934318304062,0.10485980659723282,0.11512988060712814,,0.12179627269506454,0.1839088499546051,,
faceframe_second159_frame3999_0,0,9.351141,4.3389416,159,3999,0.13402415812015533,0.28300759196281433,0.1422480046749115,0.08771062642335892,0.11993008106946945,,,
faceframe_second160_frame4005_0,0,9.375302,4.216803,160,4005,0.15320542454719543,0.29329371452331543,0.12191368639469147,,0.10429040342569351,,0.10583812743425369,
faceframe_second160_frame4011_0,0,9.346102,4.642511,160,4011,0.2464967519044876,0.10738448798656464,,,0.11665749549865723,0.12744010984897614,0.11572041362524033,
faceframe_second160_frame4011_1,1,8.076579,10.456326,160,4011,0.13931100070476532,0.12908576428890228,0.16345302760601044,,,,0.14057476818561554,0.11945287883281708
faceframe_second161_frame4036_0,0,9.288294,2.8951962,161,4036,0.3208184540271759,,,0.10242345929145813,0.14253480732440948,0.09607014060020447,0.09819819778203964,
faceframe_second161_frame4036_1,-1,2.7870247,5.577534,161,4036,,0.10542541742324829,0.2823636829853058,0.11316072940826416,0.16433635354042053,,,0.12337986379861832
faceframe_second161_frame4043_0,0,9.2677,2.789621,161,4043,0.30758920311927795,0.08107075095176697,,,0.2129640132188797,0.0763821005821228,0.09983831644058228,
faceframe_second161_frame4049_0,0,9.15574,2.9024227,161,4049,0.26968589425086975,0.0782601535320282,0.0735848918557167,,0.26400700211524963,,0.0990201085805893,
faceframe_second162_frame4055_0,0,9.248832,2.7703695,162,4055,0.23626607656478882,0.1206965297460556,,,0.20365241169929504,,0.08994253724813461,0.10002880543470383
faceframe_second162_frame4055_1,-1,2.6445065,5.4335318,162,4055,0.11589309573173523,0.2713867127895355,0.19828633964061737,0.09716129302978516,0.12674827873706818,,,
faceframe_second162_frame4061_0,0,9.320789,2.830399,162,4061,0.23265467584133148,0.12303262203931808,,,0.21631355583667755,,0.08938795328140259,0.09634720534086227
faceframe_second162_frame4061_1,-1,2.6779652,5.4673862,162,4061,0.11477309465408325,0.27079808712005615,0.19996857643127441,0.09711170941591263,0.12760241329669952,,,
faceframe_second162_frame4068_0,0,9.3435955,2.8598664,162,4068,0.23197154700756073,0.11980146914720535,,,0.2180856466293335,,0.09059315919876099,0.09667229652404785
faceframe_second162_frame4068_1,-1,2.6968777,5.486077,162,4068,0.09773574769496918,0.22627460956573486,0.21519626677036285,0.08783154934644699,0.214748814702034,,,
faceframe_second162_frame4074_0,0,9.2967825,2.7934613,162,4074,0.20116561651229858,0.11073103547096252,0.08374226838350296,0.08219856023788452,0.28761690855026245,,,
faceframe_second162_frame4074_1,-1,2.7374272,5.5257187,162,4074,0.11327890306711197,0.29494017362594604,0.18763555586338043,0.10595563054084778,0.12162352353334427,,,
faceframe_second163_frame4080_0,0,9.262739,2.7731001,163,4080,0.200849249958992,0.11052137613296509,0.0837048813700676,0.08223529160022736,0.2880104184150696,,,
faceframe_second163_frame4080_1,-1,2.6412463,5.4296136,163,4080,0.11319965124130249,0.29548171162605286,0.18817830085754395,0.10561905801296234,0.1219390332698822,,,
faceframe_second163_frame4086_0,-1,2.68588,5.474489,163,4086,0.11319965124130249,0.29548171162605286,0.18817830085754395,0.10561905801296234,0.1219390332698822,,,
faceframe_second163_frame4093_0,-1,2.7768824,5.566654,163,4093,0.10328926146030426,0.2768101394176483,0.19696788489818573,0.10786370187997818,0.1362745761871338,,,
