name,cluster,x,y,second,frame,anger,neutral,disgust,happy,sadness,fear,surprise,contempt
faceframe_second0_frame14_0,2,14.017023,-2.1460397,0,14,0.23152408003807068,0.15943917632102966,0.14748036861419678,0.11475247889757156,0.10048969089984894,,,
faceframe_second0_frame14_1,4,-5.0634007,10.571911,0,14,0.21197669208049774,0.1624690145254135,0.15259841084480286,0.11783164739608765,0.10877266526222229,,,
faceframe_second0_frame14_2,4,6.3194785,19.468847,0,14,0.15403524041175842,0.15131443738937378,0.232078418135643,0.1657654047012329,,0.09818926453590393,,
faceframe_second0_frame14_3,3,10.352995,7.190006,0,14,0.16422031819820404,0.13709375262260437,0.15735317766666412,,0.14928492903709412,0.09943120926618576,,
faceframe_second0_frame14_4,-1,0.03781975,27.236166,0,14,0.1679593026638031,0.1195884570479393,0.129293292760849,,0.24632303416728973,0.14408248662948608,,
faceframe_second0_frame14_5,5,-11.826437,-14.9145,0,14,0.0975518450140953,0.2878785729408264,0.13460715115070343,,0.1810620129108429,,0.1041865348815918,
faceframe_second0_frame21_0,4,-5.0195775,10.540495,0,21,0.1641135960817337,0.1685931533575058,0.1754416525363922,0.13113859295845032,0.09925864636898041,,,
faceframe_second0_frame21_1,2,14.01226,-2.2003458,0,21,0.2258988469839096,0.15610066056251526,0.14500167965888977,0.10969892889261246,0.10824939608573914,,,
faceframe_second0_frame21_2,4,6.5208488,19.670164,0,21,0.16595695912837982,0.1310853809118271,0.26204442977905273,0.15966521203517914,,,0.07634200155735016,
faceframe_second0_frame21_3,3,10.331368,7.169166,0,21,0.17044353485107422,0.13145817816257477,0.1465291529893875,,0.16437466442584991,0.09834283590316772,,
faceframe_second0_frame21_4,-1,-0.010336527,27.284313,0,21,0.1679593026638031,0.1195884570479393,0.129293292760849,,0.24632303416728973,0.14408248662948608,,
faceframe_second0_frame21_5,5,-11.8652115,-14.84504,0,21,0.0975518450140953,0.2878785729408264,0.13460715115070343,,0.1810620129108429,,0.1041865348815918,
faceframe_second0_frame29_0,4,-4.8614397,10.631177,0,29,0.18350261449813843,0.15810292959213257,0.15441632270812988,0.1197374165058136,0.11474975943565369,,,
faceframe_second0_frame29_1,4,6.399373,19.548286,0,29,0.15106311440467834,0.11776510626077652,0.25225624442100525,0.20087695121765137,,0.075717031955719,,
faceframe_second0_frame29_2,2,14.035991,-2.1827133,0,29,0.21967481076717377,0.15866844356060028,0.1407572478055954,0.11131283640861511,0.10774250328540802,,,
faceframe_second0_frame29_3,3,10.275605,7.114623,0,29,0.16377651691436768,0.1345365196466446,0.14613907039165497,,0.16560865938663483,0.1028888151049614,,
faceframe_second0_frame29_4,-1,0.058822595,27.21532,0,29,0.1679593026638031,0.1195884570479393,0.129293292760849,,0.24632303416728973,0.14408248662948608,,
faceframe_second0_frame29_5,5,-11.867216,-14.921282,0,29,0.0975518450140953,0.2878785729408264,0.13460715115070343,,0.1810620129108429,,0.1041865348815918,
faceframe_second0_frame7_0,4,6.2897553,19.43861,0,7,0.1511475294828415,0.1420237123966217,0.25731608271598816,0.1572062373161316,,0.09820463508367538,,
faceframe_second0_frame7_1,4,-5.1937857,10.525695,0,7,0.19389912486076355,0.16394391655921936,0.14588797092437744,0.12074525654315948,0.11028493940830231,,,
faceframe_second0_frame7_2,2,13.978325,-2.1941376,0,7,0.23695877194404602,0.14803755283355713,0.16368916630744934,0.11080177128314972,0.10168356448411942,,,
faceframe_second0_frame7_3,-1,0.043774303,27.231285,0,7,0.1679593026638031,0.1195884570479393,0.129293292760849,,0.24632303416728973,0.14408248662948608,,
faceframe_second0_frame7_4,5,-11.713837,-14.751855,0,7,0.1364584118127823,0.2538655996322632,0.08107224851846695,,0.25371578335762024,,,0.09295515716075897
faceframe_second0_frame7_5,3,10.383778,7.2208962,0,7,0.14785221219062805,0.14286725223064423,0.16675575077533722,0.11227582395076752,0.13310971856117249,,,
faceframe_second10_frame307_0,2,13.175872,-1.4025006,10,307,0.19671763479709625,0.12509192526340485,0.23219725489616394,0.11264190822839737,0.09180200845003128,,,
faceframe_second10_frame307_1,4,-2.3513293,11.4538145,10,307,0.11788860708475113,0.10891831666231155,0.19325979053974152,0.23102723062038422,,,0.10091688483953476,
faceframe_second10_frame307_2,1,22.80893,13.465876,10,307,0.08651109039783478,0.07907874882221222,0.12161397188901901,0.4158783555030823,,,0.07789846509695053,
faceframe_second10_frame307_3,3,7.936113,4.5833797,10,307,0.14855772256851196,0.16683268547058105,0.16438128054141998,,0.14669492840766907,,,0.09827131032943726
faceframe_second10_frame307_4,-1,2.4725013,-15.052717,10,307,0.13682618737220764,0.14533847570419312,0.15021930634975433,,0.21065835654735565,0.1477353572845459,,
faceframe_second10_frame307_5,5,-8.720476,1.2551072,10,307,0.10119203478097916,0.354440301656723,0.09927642345428467,,0.15394523739814758,,0.09734795987606049,
faceframe_second10_frame314_0,2,13.218655,-1.517928,10,314,0.20370665192604065,0.12295791506767273,0.22121012210845947,0.11917439103126526,,,,0.09049415588378906
faceframe_second10_frame314_1,4,-2.6359262,11.424144,10,314,0.13219894468784332,0.1116778701543808,0.17529340088367462,0.20517325401306152,,,,0.10824957489967346
faceframe_second10_frame314_2,1,22.823103,13.43489,10,314,0.08658348023891449,0.08240777254104614,0.1403616964817047,0.38341888785362244,,,,0.08363296836614609
faceframe_second10_frame314_3,3,7.9715185,4.602014,10,314,0.1804424524307251,0.13066361844539642,0.1408786028623581,,0.19664986431598663,,,0.10647289454936981
faceframe_second10_frame314_4,-1,2.3548148,-15.195701,10,314,0.13682618737220764,0.14533847570419312,0.15021930634975433,,0.21065835654735565,0.1477353572845459,,
faceframe_second10_frame314_5,5,-8.706028,1.3006247,10,314,0.10119203478097916,0.354440301656723,0.09927642345428467,,0.15394523739814758,,0.09734795987606049,
faceframe_second10_frame321_0,2,13.339992,-1.6673783,10,321,0.20304112136363983,0.12902015447616577,0.19577063620090485,0.12146411836147308,0.09451030939817429,,,
faceframe_second10_frame321_1,4,-2.6270378,11.407347,10,321,0.1335572600364685,0.10910377651453018,0.1731777787208557,0.20518440008163452,,,,0.10827052593231201
faceframe_second10_frame321_2,1,22.782389,13.407581,10,321,0.08378056436777115,0.07933498919010162,0.11320316791534424,0.4310446083545685,,,0.07768257707357407,
faceframe_second10_frame321_3,3,8.069157,4.469539,10,321,0.15971443057060242,0.16226163506507874,0.16259849071502686,,0.15021422505378723,,,0.10538987070322037
faceframe_second10_frame321_4,-1,2.5702202,-15.130707,10,321,0.13682618737220764,0.14533847570419312,0.15021930634975433,,0.21065835654735565,0.1477353572845459,,
faceframe_second10_frame321_5,5,-8.757816,1.2286342,10,321,0.10119203478097916,0.354440301656723,0.09927642345428467,,0.15394523739814758,,0.09734795987606049,
faceframe_second10_frame329_0,2,13.412925,-1.8470844,10,329,0.2173592895269394,0.1374618411064148,0.15168574452400208,0.11881721019744873,0.10615852475166321,,,
faceframe_second10_frame329_1,4,-2.571932,11.4143915,10,329,0.12808120250701904,0.11056606471538544,0.17452572286128998,0.21055370569229126,,,,0.10788524150848389
faceframe_second10_frame329_2,3,8.033045,4.538531,10,329,0.17964458465576172,0.1551099270582199,0.18300800025463104,,0.15047721564769745,,,0.10130823403596878
faceframe_second10_frame329_3,1,22.7437,13.065323,10,329,0.07046414911746979,0.06770185381174088,0.09591632336378098,0.5159920454025269,,,0.06846512854099274,
faceframe_second10_frame329_4,-1,2.5311806,-15.119125,10,329,0.13682618737220764,0.14533847570419312,0.15021930634975433,,0.21065835654735565,0.1477353572845459,,
faceframe_second10_frame329_5,5,-8.86956,1.5127852,10,329,0.10119203478097916,0.354440301656723,0.09927642345428467,,0.15394523739814758,,0.09734795987606049,
faceframe_second11_frame337_0,2,13.433142,-1.845115,11,337,0.2437635362148285,0.11197434365749359,0.2021251618862152,0.10812663286924362,0.10363911837339401,,,
faceframe_second11_frame337_1,3,8.096325,4.4625235,11,337,0.19611512124538422,0.14079608023166656,0.1735953539609909,,0.15239335596561432,,,0.09732907265424728
faceframe_second11_frame337_2,4,-2.7120297,11.44144,11,337,0.14299063384532928,0.1185915395617485,0.18854859471321106,0.18584081530570984,,,,0.10376690328121185
faceframe_second11_frame337_3,1,22.769394,12.816656,11,337,0.05623343959450722,0.0572485513985157,0.07816144078969955,0.6050822734832764,,,0.05712483078241348,
faceframe_second11_frame337_4,-1,2.5247357,-14.903839,11,337,0.13682618737220764,0.14533847570419312,0.15021930634975433,,0.21065835654735565,0.1477353572845459,,
faceframe_second11_frame337_5,5,-8.744587,1.2472138,11,337,0.10119203478097916,0.354440301656723,0.09927642345428467,,0.15394523739814758,,0.09734795987606049,
faceframe_second11_frame344_0,2,13.492639,-1.9635459,11,344,0.23734809458255768,0.116181880235672,0.14966946840286255,,0.12586717307567596,,,0.10647479444742203
faceframe_second11_frame344_1,1,22.740847,12.753003,11,344,0.05921986699104309,,0.0788574144244194,0.579888641834259,,,0.06307245045900345,0.06069394573569298
faceframe_second11_frame344_2,4,-2.7179666,11.450858,11,344,0.14652703702449799,0.12339244782924652,0.1838882565498352,0.17334085702896118,,,,0.10524338483810425
faceframe_second11_frame344_3,3,8.144849,4.377654,11,344,0.16380856931209564,0.15033812820911407,0.17653661966323853,,0.15110266208648682,,,0.10018358379602432
faceframe_second11_frame344_4,-1,2.5830662,-14.970371,11,344,0.13682618737220764,0.14533847570419312,0.15021930634975433,,0.21065835654735565,0.1477353572845459,,
faceframe_second11_frame344_5,5,-8.762145,1.188455,11,344,0.10119203478097916,0.354440301656723,0.09927642345428467,,0.15394523739814758,,0.09734795987606049,
faceframe_second11_frame351_0,2,13.488481,-1.958057,11,351,0.24410182237625122,0.1239660307765007,0.2018555849790573,0.10358487814664841,0.0960652083158493,,,
faceframe_second11_frame351_1,3,8.1216545,4.454769,11,351,0.18435931205749512,0.15675655007362366,0.1693548858165741,,0.15782231092453003,,,0.0929805189371109
faceframe_second11_frame351_2,1,22.780855,12.764349,11,351,0.0551488995552063,0.057808466255664825,0.06703770160675049,0.6256425380706787,,,,0.05400795117020607
faceframe_second11_frame351_3,4,-2.7880633,11.448099,11,351,0.13770760595798492,0.11408510059118271,0.19718115031719208,0.18898415565490723,,,,0.10126801580190659
faceframe_second11_frame351_4,-1,2.4847424,-15.123822,11,351,0.13682618737220764,0.14533847570419312,0.15021930634975433,,0.21065835654735565,0.1477353572845459,,
faceframe_second11_frame351_5,5,-8.740104,1.2134389,11,351,0.10119203478097916,0.354440301656723,0.09927642345428467,,0.15394523739814758,,0.09734795987606049,
faceframe_second11_frame359_0,1,22.730457,12.73836,11,359,,0.05478242039680481,0.07386753708124161,0.6203733086585999,,,0.05479196459054947,0.05619525909423828
faceframe_second11_frame359_1,2,13.290797,-0.06935236,11,359,0.2806066870689392,0.11902906000614166,0.21322478353977203,0.08572705835103989,0.09310587495565414,,,
faceframe_second11_frame359_2,4,-2.8102565,11.413315,11,359,0.14968189597129822,0.11960545182228088,0.18313351273536682,0.1760919690132141,,,,0.10759320110082626
faceframe_second11_frame359_3,3,8.152668,4.49839,11,359,0.1577831357717514,0.12583380937576294,0.22593721747398376,,0.13633744418621063,,,0.11686715483665466
faceframe_second11_frame359_4,-1,2.7066126,-15.01617,11,359,0.13682618737220764,0.14533847570419312,0.15021930634975433,,0.21065835654735565,0.1477353572845459,,
faceframe_second11_frame359_5,5,-8.738589,1.1800258,11,359,0.10119203478097916,0.354440301656723,0.09927642345428467,,0.15394523739814758,,0.09734795987606049,
faceframe_second12_frame367_0,1,22.878042,12.789709,12,367,,0.05111747235059738,0.06104937195777893,0.649444043636322,,,0.05222661420702934,0.055542752146720886
faceframe_second12_frame367_1,3,8.031497,4.6450677,12,367,0.16570132970809937,0.14976263046264648,0.2100641131401062,,0.13915397226810455,,,0.09872321039438248
faceframe_second12_frame367_2,4,-3.014515,11.25198,12,367,0.16728512942790985,0.12662068009376526,0.20228533446788788,0.15063093602657318,0.09905093163251877,,,
faceframe_second12_frame367_3,2,13.3219,-0.13287383,12,367,0.25661343336105347,0.10542324930429459,0.2503435015678406,0.08463475853204727,0.09656142443418503,,,
faceframe_second12_frame367_4,-1,2.6561615,-15.140397,12,367,0.13682618737220764,0.14533847570419312,0.15021930634975433,,0.21065835654735565,0.1477353572845459,,
faceframe_second12_frame367_5,5,-8.950924,1.8370603,12,367,0.10121408849954605,0.35354360938072205,0.0991271585226059,,0.1542196124792099,,0.09761957079172134,
faceframe_second12_frame374_0,2,13.327987,-0.182072,12,374,0.24140866100788116,0.12672483921051025,0.22204448282718658,,0.10221854597330093,,,0.08670396357774734
faceframe_second12_frame374_1,3,7.871708,4.8339443,12,374,0.18207144737243652,0.13575996458530426,0.2305871695280075,,0.12994787096977234,,,0.09198344498872757
faceframe_second12_frame374_2,1,22.881113,12.782024,12,374,,0.05654672160744667,0.06219695135951042,0.6440150737762451,,,0.05231618881225586,0.05234365910291672
faceframe_second12_frame374_3,4,-3.2047982,11.130351,12,374,0.18063984811306,0.12001499533653259,0.21612441539764404,0.13757479190826416,0.0960100069642067,,,
faceframe_second12_frame374_4,-1,2.519779,-15.156766,12,374,0.13682618737220764,0.14533847570419312,0.15021930634975433,,0.21065835654735565,0.1477353572845459,,
faceframe_second12_frame374_5,5,-8.905085,1.7978829,12,374,0.10121408849954605,0.35354360938072205,0.0991271585226059,,0.1542196124792099,,0.09761957079172134,
faceframe_second12_frame381_0,3,7.820567,4.8833914,12,381,0.19409531354904175,0.12595336139202118,0.19066935777664185,,0.1517041176557541,,,0.09337092190980911
faceframe_second12_frame381_1,4,-3.1310933,11.271795,12,381,0.17043957114219666,0.1296370029449463,0.19900915026664734,0.14420564472675323,0.09909316897392273,,,
faceframe_second12_frame381_2,1,22.960516,12.923146,12,381,,0.05427740514278412,0.060962118208408356,0.6468428373336792,,,0.0519440732896328,0.05480439215898514
faceframe_second12_frame381_3,2,13.353034,-0.20883767,12,381,0.1721799373626709,0.10833916068077087,0.28133946657180786,0.10966574400663376,0.09050175547599792,,,
faceframe_second12_frame381_4,-1,2.5846803,-15.035047,12,381,0.13682618737220764,0.14533847570419312,0.15021930634975433,,0.21065835654735565,0.1477353572845459,,
faceframe_second12_frame381_5,5,-9.001342,1.8921301,12,381,0.10121408849954605,0.35354360938072205,0.0991271585226059,,0.1542196124792099,,0.09761957079172134,
faceframe_second12_frame389_0,2,13.333582,-0.10332242,12,389,0.2983752191066742,0.11294224858283997,0.2240479737520218,0.08268394321203232,0.09469333291053772,,,
faceframe_second12_frame389_1,4,-2.6879437,11.2294655,12,389,0.15446193516254425,0.11933968216180801,0.18888729810714722,0.17835867404937744,,,0.10122980177402496,
faceframe_second12_frame389_2,1,22.957314,12.935274,12,389,,0.05285661295056343,0.06100917607545853,0.6524450182914734,,,0.050493527203798294,0.05307800695300102
faceframe_second12_frame389_3,3,7.787101,4.953186,12,389,0.23808105289936066,0.12249984592199326,0.17734108865261078,,0.1442745476961136,,,0.10069867223501205
faceframe_second12_frame389_4,-1,2.555396,-14.86194,12,389,0.13682618737220764,0.14533847570419312,0.15021930634975433,,0.21065835654735565,0.1477353572845459,,
faceframe_second12_frame389_5,5,-9.015374,1.9062998,12,389,0.10121408849954605,0.35354360938072205,0.0991271585226059,,0.1542196124792099,,0.09761957079172134,
faceframe_second4_frame134_0,2,13.715206,-2.0779243,4,134,0.2479231357574463,0.163809135556221,0.18788622319698334,0.1070699691772461,,,,0.08648191392421722
faceframe_second4_frame134_1,1,21.30728,14.434852,4,134,0.10529414564371109,0.1240057647228241,0.2063489556312561,0.26653721928596497,,,0.08136000484228134,
faceframe_second4_frame134_2,4,-2.8433788,10.488271,4,134,0.16416065394878387,0.12904545664787292,0.22465930879116058,0.1454220563173294,,,0.09508589655160904,
faceframe_second4_frame134_3,-1,-7.069173,-18.109993,4,134,0.1573217511177063,0.11768534779548645,0.1367228776216507,,0.19728654623031616,0.19368700683116913,,
faceframe_second4_frame134_4,0,-18.459803,7.8731956,4,134,0.11687245965003967,0.33967453241348267,0.14618128538131714,,0.12469863891601562,,0.08873169869184494,
faceframe_second4_frame141_0,1,21.298079,14.447909,4,141,0.11438307166099548,0.1318783164024353,0.21475856006145477,0.25168928503990173,,,,0.08072077482938766
faceframe_second4_frame141_1,4,-2.9748237,10.563131,4,141,0.1638769507408142,0.12806573510169983,0.21873396635055542,0.14271637797355652,,,0.09736432135105133,
faceframe_second4_frame141_2,2,10.40326,-2.8523934,4,141,0.2977212071418762,0.10597049444913864,0.2586936056613922,0.09466511011123657,0.0784866064786911,,,
faceframe_second4_frame141_3,3,8.0005,4.578356,4,141,0.17335404455661774,0.11676856875419617,0.24586234986782074,,0.09971918165683746,,0.10467783361673355,
faceframe_second4_frame141_4,-1,-7.290441,-18.156706,4,141,0.1573217511177063,0.11768534779548645,0.1367228776216507,,0.19728654623031616,0.19368700683116913,,
faceframe_second4_frame141_5,0,-18.38128,7.949565,4,141,0.11687245965003967,0.33967453241348267,0.14618128538131714,,0.12469863891601562,,0.08873169869184494,
faceframe_second4_frame149_0,2,10.478669,-2.766061,4,149,0.3369982838630676,0.11642710119485855,0.20319193601608276,0.09188717603683472,0.08591968566179276,,,
faceframe_second4_frame149_1,1,21.326199,14.413416,4,149,0.1137639656662941,0.1285254955291748,0.26404911279678345,0.22190847992897034,,0.07546263933181763,,
faceframe_second4_frame149_2,3,7.2127852,4.892889,4,149,0.23379522562026978,0.12062688916921616,0.18767370283603668,,0.137029230594635,,,0.08869384974241257
faceframe_second4_frame149_3,4,-2.973187,10.617943,4,149,0.15925823152065277,0.13268685340881348,0.22477231919765472,0.1495642364025116,,,0.09296246618032455,
faceframe_second4_frame149_4,-1,-7.1744184,-18.038944,4,149,0.1573217511177063,0.11768534779548645,0.1367228776216507,,0.19728654623031616,0.19368700683116913,,
faceframe_second4_frame149_5,0,-18.451105,7.882115,4,149,0.11687245965003967,0.33967453241348267,0.14618128538131714,,0.12469863891601562,,0.08873169869184494,
faceframe_second50_frame1507_0,3,5.016815,3.2654848,50,1507,0.16513708233833313,0.20200471580028534,0.15988053381443024,,0.14341695606708527,,,0.11746321618556976
faceframe_second50_frame1514_0,3,4.9524493,3.2334166,50,1514,0.1620595008134842,0.17236390709877014,0.19144278764724731,,0.12672123312950134,,,0.11284971982240677
faceframe_second50_frame1521_0,3,5.0017796,3.2683227,50,1521,0.15303729474544525,0.16738152503967285,0.17938952147960663,,0.14558450877666473,,,0.12738724052906036
faceframe_second50_frame1529_0,3,4.9489455,3.252245,50,1529,0.1744006723165512,0.1602231115102768,0.17623089253902435,,0.1499830037355423,,,0.10397998243570328
faceframe_second51_frame1537_0,3,4.966803,3.224176,51,1537,0.13619351387023926,0.16964370012283325,0.21432551741600037,,0.1259147971868515,,,0.11203143745660782
faceframe_second51_frame1544_0,3,5.1719146,3.5984507,51,1544,0.14503201842308044,0.15941524505615234,0.2141161412000656,,0.11971794068813324,,,0.12219467759132385
faceframe_second52_frame1589_0,3,5.2245517,3.7163246,52,1589,0.16169698536396027,0.11270710080862045,0.23669859766960144,,0.12771421670913696,,,0.10393207520246506
faceframe_second13_frame404_0,4,-2.6673777,11.195936,13,404,0.16443252563476562,0.12897056341171265,0.18222546577453613,0.15684771537780762,,,0.10372485220432281,
faceframe_second13_frame404_1,1,22.98397,13.019926,13,404,,0.055691588670015335,0.06881240010261536,0.6184037327766418,,,0.05477825552225113,0.05886584520339966
faceframe_second13_frame404_2,2,13.259337,-0.015006707,13,404,0.26540860533714294,0.1270255744457245,0.1988881230354309,0.10097444802522659,0.09510021656751633,,,
faceframe_second13_frame404_3,3,7.1011353,4.682238,13,404,0.19165031611919403,0.10919477790594101,0.12172876298427582,,0.22980503737926483,0.09281030297279358,,
faceframe_second13_frame404_4,-1,2.504663,-15.070974,13,404,0.13682618737220764,0.14533847570419312,0.15021930634975433,,0.21065835654735565,0.1477353572845459,,
faceframe_second13_frame404_5,5,-9.003345,1.8933226,13,404,0.10121408849954605,0.35354360938072205,0.0991271585226059,,0.1542196124792099,,0.09761957079172134,
faceframe_second13_frame411_0,4,-2.659063,11.149928,13,411,0.16904674470424652,0.12913288176059723,0.186289981007576,0.16331055760383606,,,,0.09830817580223083
faceframe_second13_frame411_1,1,22.999262,12.913341,13,411,,0.060867033898830414,0.07915158569812775,0.585200309753418,,,0.058333102613687515,0.06139460206031799
faceframe_second13_frame411_2,2,12.983178,-0.20828481,13,411,0.15001966059207916,0.12401790171861649,0.26727914810180664,0.11631118506193161,,,0.09608092159032822,
faceframe_second13_frame411_3,3,7.0019956,4.597472,13,411,0.17390242218971252,0.12931838631629944,0.176869198679924,,0.1764151155948639,,,0.10541074723005295
faceframe_second13_frame411_4,-1,2.617472,-14.947385,13,411,0.13682618737220764,0.14533847570419312,0.15021930634975433,,0.21065835654735565,0.1477353572845459,,
faceframe_second13_frame411_5,5,-8.967653,1.8567101,13,411,0.10121408849954605,0.35354360938072205,0.0991271585226059,,0.1542196124792099,,0.09761957079172134,
faceframe_second13_frame419_0,4,-2.9944525,11.205819,13,419,0.16972105205059052,0.12658263742923737,0.1851273626089096,0.15885420143604279,,,,0.09813210368156433
faceframe_second13_frame419_1,2,13.255654,-0.74425703,13,419,0.2005728930234909,0.13917236030101776,0.19935342669487,0.10449434816837311,0.09889334440231323,,,
faceframe_second13_frame419_2,1,23.027126,12.881746,13,419,0.05346951261162758,0.05843751132488251,0.07751176506280899,0.5987353324890137,,,,0.059404391795396805
faceframe_second13_frame419_3,-1,2.6878402,-14.957103,13,419,0.13682618737220764,0.14533847570419312,0.15021930634975433,,0.21065835654735565,0.1477353572845459,,
faceframe_second13_frame419_4,5,-9.045632,1.9370583,13,419,0.10121408849954605,0.35354360938072205,0.0991271585226059,,0.1542196124792099,,0.09761957079172134,
faceframe_second13_frame419_5,3,6.919336,4.4690366,13,419,0.15685558319091797,0.11774108558893204,0.14340388774871826,,0.2044830322265625,,0.10607887804508209,
faceframe_second14_frame427_0,4,-3.183009,11.069623,14,427,0.18127766251564026,0.131687730550766,0.18255111575126648,0.1441671997308731,0.10128344595432281,,,
faceframe_second14_frame427_1,2,13.30879,-0.86443776,14,427,0.1817665845155716,0.12918300926685333,0.23281198740005493,0.09839314222335815,0.09895370900630951,,,
faceframe_second14_frame427_2,1,23.400309,13.133852,14,427,0.06332629919052124,0.06542446464300156,0.08096932619810104,0.5636332631111145,,,,0.06365285068750381
faceframe_second14_frame427_3,3,6.882552,4.5164456,14,427,0.154908686876297,0.11065734177827835,0.15138600766658783,,0.17458076775074005,,0.11102880537509918,
faceframe_second14_frame427_4,-1,2.537922,-15.039436,14,427,0.13682618737220764,0.14533847570419312,0.15021930634975433,,0.21065835654735565,0.1477353572845459,,
faceframe_second14_frame427_5,5,-9.032823,1.9193046,14,427,0.10121408849954605,0.35354360938072205,0.0991271585226059,,0.1542196124792099,,0.09761957079172134,
faceframe_second14_frame434_0,2,13.335214,-0.8327859,14,434,0.1871633231639862,0.13239698112010956,0.21267792582511902,0.12164328247308731,0.09331643581390381,,,
faceframe_second14_frame434_1,4,-3.3393893,11.07581,14,434,0.18903884291648865,0.13696354627609253,0.1823291778564453,0.13712427020072937,0.10242990404367447,,,
faceframe_second14_frame434_2,1,23.619247,13.18887,14,434,0.07485435158014297,,0.12717129290103912,0.43968790769577026,,0.07685494422912598,,0.08392810076475143
faceframe_second14_frame434_3,3,6.8732386,4.513956,14,434,0.15506817400455475,,0.1402592808008194,,0.17501068115234375,,0.1117711141705513,0.11318591982126236
faceframe_second14_frame434_4,-1,2.5756829,-14.971936,14,434,0.13682618737220764,0.14533847570419312,0.15021930634975433,,0.21065835654735565,0.1477353572845459,,
faceframe_second14_frame434_5,5,-8.950549,1.8554721,14,434,0.10121408849954605,0.35354360938072205,0.0991271585226059,,0.1542196124792099,,0.09761957079172134,
faceframe_second14_frame441_0,2,13.360439,-0.5871267,14,441,0.181594118475914,0.1008351594209671,0.34130164980888367,0.10503720492124557,0.07519479840993881,,,
faceframe_second14_frame441_1,4,-3.4287655,11.02122,14,441,0.1881270706653595,0.13434287905693054,0.17681048810482025,0.13898427784442902,0.10424062609672546,,,
faceframe_second14_frame441_2,1,23.587046,13.150213,14,441,0.10271290689706802,0.0905289426445961,0.13563624024391174,0.3515283465385437,,,0.08524217456579208,
faceframe_second14_frame441_3,3,6.9359617,4.5443583,14,441,0.15293172001838684,0.11363692581653595,0.15888626873493195,,0.14914479851722717,,,0.11478083580732346
faceframe_second14_frame441_4,-1,2.4244351,-14.968704,14,441,0.13689345121383667,0.14534033834934235,0.15009719133377075,,0.2109963744878769,0.14748047292232513,,
faceframe_second14_frame441_5,5,-9.010533,1.9039775,14,441,0.10121408849954605,0.35354360938072205,0.0991271585226059,,0.1542196124792099,,0.09761957079172134,
faceframe_second14_frame449_0,2,13.268265,-0.4075447,14,449,0.199285089969635,0.13093975186347961,0.22441254556179047,0.11654506623744965,0.08924218267202377,,,
faceframe_second14_frame449_1,1,23.884705,13.318362,14,449,,0.0735858902335167,0.14728467166423798,0.37973853945732117,,0.09399255365133286,0.10463171452283859,
faceframe_second14_frame449_2,4,-3.3912346,11.02326,14,449,0.18622420728206635,0.1341206431388855,0.1799885332584381,0.13827504217624664,0.10314338654279709,,,
faceframe_second14_frame449_3,-1,2.4112313,-15.119714,14,449,0.13689345121383667,0.14534033834934235,0.15009719133377075,,0.2109963744878769,0.14748047292232513,,
faceframe_second14_frame449_4,3,6.854742,4.5437975,14,449,0.1572728455066681,0.12025003880262375,0.15229828655719757,0.12349524348974228,0.13404162228107452,,,
faceframe_second14_frame449_5,5,-8.999171,1.8956617,14,449,0.10121408849954605,0.35354360938072205,0.0991271585226059,,0.1542196124792099,,0.09761957079172134,
faceframe_second15_frame457_0,2,13.194066,-0.50993484,15,457,0.28682538866996765,0.10081332176923752,0.192151740193367,0.09214882552623749,0.1054375171661377,,,
faceframe_second15_frame457_1,4,-3.3866858,11.02916,15,457,0.18648535013198853,0.1350155770778656,0.17975060641765594,0.1371435672044754,0.10353081673383713,,,
faceframe_second15_frame457_2,1,23.768728,13.255017,15,457,0.09327168762683868,,0.18096518516540527,0.22598092257976532,,0.10588403791189194,0.14389485120773315,
faceframe_second15_frame457_3,3,6.9561734,4.5969806,15,457,0.15764427185058594,0.11088407784700394,0.16797783970832825,,0.15273785591125488,,,0.11281439661979675
faceframe_second15_frame457_4,-1,2.457471,-15.043953,15,457,0.13689345121383667,0.14534033834934235,0.15009719133377075,,0.2109963744878769,0.14748047292232513,,
faceframe_second15_frame457_5,5,-8.966715,1.8554792,15,457,0.10121408849954605,0.35354360938072205,0.0991271585226059,,0.1542196124792099,,0.09761957079172134,
faceframe_second15_frame464_0,4,-3.419542,10.975939,15,464,0.18648535013198853,0.1350155770778656,0.17975060641765594,0.1371435672044754,0.10353081673383713,,,
faceframe_second15_frame464_1,2,13.166648,-0.4742538,15,464,0.28527379035949707,0.11060331016778946,0.16995924711227417,0.0995350256562233,0.102927066385746,,,
faceframe_second15_frame464_2,1,23.696358,13.294617,15,464,0.09728112071752548,,0.18736949563026428,0.19079025089740753,,0.10657965391874313,0.15269790589809418,
faceframe_second15_frame464_3,3,6.8263702,4.622358,15,464,0.15996721386909485,0.11441069096326828,0.16645364463329315,,0.15369901061058044,,,0.11039081960916519
faceframe_second15_frame464_4,-1,2.4213567,-15.003168,15,464,0.13689345121383667,0.14534033834934235,0.15009719133377075,,0.2109963744878769,0.14748047292232513,,
faceframe_second15_frame464_5,5,-9.039447,1.8727562,15,464,0.10121408849954605,0.35354360938072205,0.0991271585226059,,0.1542196124792099,,0.09761957079172134,
faceframe_second15_frame471_0,2,12.914417,-0.40117702,15,471,0.20722201466560364,0.1487635374069214,0.16627298295497894,0.09884811192750931,0.10670480877161026,,,
faceframe_second15_frame471_1,4,-5.3777742,10.709726,15,471,0.22495707869529724,0.14283810555934906,0.15908445417881012,0.13445964455604553,0.10237392783164978,,,
faceframe_second15_frame471_2,1,24.417587,13.442989,15,471,0.08569301664829254,0.08481846004724503,0.17993149161338806,0.2911601960659027,,,0.11586032807826996,
faceframe_second15_frame471_3,0,-16.237675,16.104288,15,471,0.1394730657339096,0.33223608136177063,0.10358034074306488,,0.15681123733520508,,,0.09207474440336227
faceframe_second15_frame471_4,3,6.914187,4.4944205,15,471,0.12842048704624176,0.12977942824363708,0.1701267957687378,0.1297222226858139,0.12375742942094803,,,
faceframe_second15_frame471_5,-1,-4.4998894,-8.39566,15,471,0.1440727412700653,0.1350882649421692,0.20793360471725464,,0.14923392236232758,0.15523411333560944,,
faceframe_second15_frame479_0,2,12.891939,-0.4080848,15,479,0.17693817615509033,0.15649329125881195,0.15713264048099518,0.12024104595184326,0.09934995323419571,,,
faceframe_second15_frame479_1,4,-5.3815274,10.715142,15,479,0.22495707869529724,0.14283810555934906,0.15908445417881012,0.13445964455604553,0.10237392783164978,,,
faceframe_second15_frame479_2,1,24.388683,13.510146,15,479,0.09971204400062561,,0.17743705213069916,0.22417661547660828,,0.09828241169452667,0.13405939936637878,
faceframe_second15_frame479_3,3,6.9354587,4.518632,15,479,0.13735757768154144,0.12391964346170425,0.16981562972068787,0.13138484954833984,,,0.12217450886964798,
faceframe_second15_frame479_4,0,-16.258266,16.128912,15,479,0.1394730657339096,0.33223608136177063,0.10358034074306488,,0.15681123733520508,,,0.09207474440336227
faceframe_second15_frame479_5,-1,-4.5399013,-8.413458,15,479,0.1440727412700653,0.1350882649421692,0.20793360471725464,,0.14923392236232758,0.15523411333560944,,
faceframe_second16_frame487_0,2,13.031398,-0.46277913,16,487,0.24745553731918335,0.14077655971050262,0.1794101893901825,0.094502754509449,0.0963127389550209,,,
faceframe_second16_frame487_1,4,-5.3668513,10.732264,16,487,0.22495707869529724,0.14283810555934906,0.15908445417881012,0.13445964455604553,0.10237392783164978,,,
faceframe_second16_frame487_2,1,24.418818,13.499568,16,487,0.09866941720247269,,0.1812913566827774,0.25482574105262756,,0.09986699372529984,0.11086428165435791,
faceframe_second16_frame487_3,0,-16.166246,16.07253,16,487,0.1394730657339096,0.33223608136177063,0.10358034074306488,,0.15681123733520508,,,0.09207474440336227
faceframe_second16_frame487_4,3,6.881158,4.5283875,16,487,0.13142526149749756,0.1276896744966507,0.1755998730659485,0.13081572949886322,,,0.12404602020978928,
faceframe_second16_frame487_5,-1,-4.478578,-8.404883,16,487,0.1440727412700653,0.1350882649421692,0.20793360471725464,,0.14923392236232758,0.15523411333560944,,
faceframe_second16_frame494_0,2,12.952999,-0.38679054,16,494,0.214943528175354,0.15801264345645905,0.1524355262517929,0.1072181761264801,,,0.09836453944444656,
faceframe_second16_frame494_1,4,-5.424026,10.73878,16,494,0.21615421772003174,0.1412927359342575,0.16246536374092102,0.13527901470661163,0.10464709252119064,,,
faceframe_second16_frame494_2,1,24.486216,13.399534,16,494,0.10954062640666962,,0.21083024144172668,0.22080647945404053,,0.09820745140314102,0.10491745173931122,
faceframe_second16_frame494_3,0,-16.209328,16.039162,16,494,0.1394730657339096,0.33223608136177063,0.10358034074306488,,0.15681123733520508,,,0.09207474440336227
faceframe_second16_frame494_4,-1,-4.525996,-8.338202,16,494,0.1440727412700653,0.1350882649421692,0.20793360471725464,,0.14923392236232758,0.15523411333560944,,
faceframe_second16_frame501_0,2,13.17828,-0.52751595,16,501,0.16469340026378632,0.16561612486839294,0.1882149875164032,0.11693812906742096,,0.09612075239419937,,
faceframe_second16_frame501_1,4,-5.385795,10.702191,16,501,0.20130988955497742,0.13720089197158813,0.17769141495227814,0.136561781167984,0.10378744453191757,,,
faceframe_second16_frame501_2,1,24.430107,13.454166,16,501,0.10684127360582352,0.0912846028804779,0.22223329544067383,0.22771888971328735,,0.10373599827289581,,
faceframe_second16_frame501_3,0,-16.237242,16.081137,16,501,0.1394730657339096,0.33223608136177063,0.10358034074306488,,0.15681123733520508,,,0.09207474440336227
faceframe_second16_frame501_4,-1,-4.594037,-8.475397,16,501,0.1440727412700653,0.1350882649421692,0.20793360471725464,,0.14923392236232758,0.15523411333560944,,
faceframe_second16_frame509_0,2,13.196841,-0.8222775,16,509,0.2108713835477829,0.15515418350696564,0.2287825345993042,0.09795396029949188,0.08743920922279358,,,
faceframe_second16_frame509_1,4,-5.401228,10.689633,16,509,0.20721228420734406,0.13835565745830536,0.17449380457401276,0.13560634851455688,0.10230045020580292,,,
faceframe_second16_frame509_2,1,24.486174,13.395151,16,509,0.10693925619125366,0.09659907221794128,0.20827841758728027,0.23737038671970367,,0.10222973674535751,,
faceframe_second16_frame509_3,0,-16.373297,16.142109,16,509,0.1394730657339096,0.33223608136177063,0.10358034074306488,,0.15681123733520508,,,0.09207474440336227
faceframe_second16_frame509_4,-1,-4.3975754,-8.338368,16,509,0.1440727412700653,0.1350882649421692,0.20793360471725464,,0.14923392236232758,0.15523411333560944,,
faceframe_second17_frame524_0,4,-5.200151,10.3267765,17,524,0.16875208914279938,0.14800091087818146,0.19950023293495178,0.13812552392482758,0.09684690833091736,,,
faceframe_second17_frame524_1,2,12.96959,0.012157177,17,524,0.22550874948501587,0.1531885266304016,0.1720936894416809,0.10688692331314087,0.09428981691598892,,,
faceframe_second17_frame524_2,1,24.275873,13.515967,17,524,0.11483097076416016,0.10662064701318741,0.22480106353759766,0.18089844286441803,,0.1176358237862587,,
faceframe_second17_frame524_3,0,-16.357754,16.20244,17,524,0.1394730657339096,0.33223608136177063,0.10358034074306488,,0.15681123733520508,,,0.09207474440336227
faceframe_second17_frame524_4,-1,-4.591573,-8.378328,17,524,0.1440727412700653,0.1350882649421692,0.20793360471725464,,0.14923392236232758,0.15523411333560944,,
faceframe_second17_frame531_0,4,-5.343087,10.135881,17,531,0.1804177165031433,0.15378880500793457,0.20140479505062103,0.1368350386619568,0.09518261253833771,,,
faceframe_second17_frame531_1,2,12.979087,0.11771343,17,531,0.24548737704753876,0.14493539929389954,0.22223162651062012,0.09987679123878479,0.09162265062332153,,,
faceframe_second17_frame531_2,1,24.210794,13.531854,17,531,0.12280746549367905,0.10554792732000351,0.21205094456672668,0.19162951409816742,,0.11838582158088684,,
faceframe_second17_frame531_3,0,-16.22752,16.075592,17,531,0.1394730657339096,0.33223608136177063,0.10358034074306488,,0.15681123733520508,,,0.09207474440336227
faceframe_second17_frame531_4,-1,-4.5336947,-8.423303,17,531,0.1440727412700653,0.1350882649421692,0.20793360471725464,,0.14923392236232758,0.15523411333560944,,
faceframe_second17_frame539_0,4,-5.3500314,10.132952,17,539,0.18653573095798492,0.15630315244197845,0.18897521495819092,0.1350937783718109,0.09867285192012787,,,
faceframe_second17_frame539_1,2,13.038352,0.041237544,17,539,0.29127275943756104,0.13614919781684875,0.1588144749403,0.09300627559423447,0.10499165207147598,,,
faceframe_second17_frame539_2,1,24.219275,13.55896,17,539,0.12309017032384872,0.10807394981384277,0.20219312608242035,0.1962934285402298,,0.11856557428836823,,
faceframe_second17_frame539_3,0,-16.317183,16.140314,17,539,0.1394730657339096,0.33223608136177063,0.10358034074306488,,0.15681123733520508,,,0.09207474440336227
faceframe_second17_frame539_4,-1,-4.7178416,-8.233754,17,539,0.1440727412700653,0.1350882649421692,0.20793360471725464,,0.14923392236232758,0.15523411333560944,,
faceframe_second18_frame547_0,2,12.940516,0.065761805,18,547,0.20212668180465698,0.14777237176895142,0.17916767299175262,0.1267518550157547,0.095875084400177,,,
faceframe_second18_frame547_1,4,-5.312141,10.173197,18,547,0.20168323814868927,0.15809813141822815,0.19166898727416992,0.11968084424734116,0.09550419449806213,,,
faceframe_second18_frame547_2,1,24.175943,13.597153,18,547,0.12189899384975433,0.10940861701965332,0.1872365027666092,0.21277600526809692,,0.11817332357168198,,
faceframe_second18_frame547_3,0,-16.2224,16.065002,18,547,0.14414332807064056,0.33186981081962585,0.1004895269870758,,0.1594616174697876,,,0.09174179285764694
faceframe_second18_frame547_4,-1,-4.4221354,-8.275598,18,547,0.1440727412700653,0.1350882649421692,0.20793360471725464,,0.14923392236232758,0.15523411333560944,,
faceframe_second18_frame554_0,2,13.089223,0.10812562,18,554,0.21074022352695465,0.14182043075561523,0.17700214684009552,0.1256192922592163,0.09423401951789856,,,
faceframe_second18_frame554_1,4,-5.315642,10.192923,18,554,0.18733355402946472,0.15980902314186096,0.17822234332561493,0.1328878253698349,0.10126247256994247,,,
faceframe_second18_frame554_2,1,24.143957,13.597906,18,554,0.1221855953335762,0.11093389242887497,0.18623463809490204,0.21267546713352203,,0.11890724301338196,,
faceframe_second18_frame554_3,0,-16.288034,16.141693,18,554,0.14414332807064056,0.33186981081962585,0.1004895269870758,,0.1594616174697876,,,0.09174179285764694
faceframe_second18_frame554_4,-1,-4.678052,-8.291016,18,554,0.1440727412700653,0.1350882649421692,0.20793360471725464,,0.14923392236232758,0.15523411333560944,,
faceframe_second18_frame561_0,4,-5.3363323,10.133571,18,561,0.19248919188976288,0.1754775494337082,0.175604447722435,0.1249319463968277,0.09476610273122787,,,
faceframe_second18_frame561_1,2,13.028088,0.0468728,18,561,0.1500043421983719,0.14148661494255066,0.24834845960140228,0.130778506398201,,,0.09680178761482239,
faceframe_second18_frame561_2,1,24.3063,13.620804,18,561,0.11557191610336304,0.10750555247068405,0.22197836637496948,0.18894726037979126,,0.11973388493061066,,
faceframe_second18_frame561_3,0,-16.345182,16.1851,18,561,0.14414332807064056,0.33186981081962585,0.1004895269870758,,0.1594616174697876,,,0.09174179285764694
faceframe_second18_frame561_4,-1,-4.6952696,-8.415023,18,561,0.1440727412700653,0.1350882649421692,0.20793360471725464,,0.14923392236232758,0.15523411333560944,,
faceframe_second18_frame569_0,4,-5.3350306,10.121059,18,569,0.1840309202671051,0.1729033887386322,0.1743212640285492,0.12569470703601837,0.09725771099328995,,,
faceframe_second18_frame569_1,2,12.850407,0.060636748,18,569,0.3128533363342285,0.12655016779899597,0.17615066468715668,0.0777396708726883,0.11004115641117096,,,
faceframe_second18_frame569_2,1,24.264608,13.563644,18,569,0.1190185546875,0.11180845648050308,0.22210434079170227,0.18309444189071655,,0.11719028651714325,,
faceframe_second18_frame569_3,0,-16.248465,16.072578,18,569,0.14414332807064056,0.33186981081962585,0.1004895269870758,,0.1594616174697876,,,0.09174179285764694
faceframe_second18_frame569_4,-1,-4.631736,-8.295678,18,569,0.1440727412700653,0.1350882649421692,0.20793360471725464,,0.14923392236232758,0.15523411333560944,,
faceframe_second19_frame577_0,4,-5.3298564,10.1684,19,577,0.18071570992469788,0.15936703979969025,0.19482767581939697,0.12884670495986938,0.09606751799583435,,,
faceframe_second19_frame577_1,2,12.767274,-0.021286417,19,577,0.23060521483421326,0.15143327414989471,0.18527276813983917,0.09923088550567627,0.09747905284166336,,,
faceframe_second19_frame577_2,1,24.26331,13.603299,19,577,0.12310178577899933,0.11571824550628662,0.16688403487205505,0.23047830164432526,,,0.10576851665973663,
faceframe_second19_frame577_3,0,-16.185282,16.013828,19,577,0.14414332807064056,0.33186981081962585,0.1004895269870758,,0.1594616174697876,,,0.09174179285764694
faceframe_second19_frame577_4,-1,-4.4424143,-8.429058,19,577,0.1440727412700653,0.1350882649421692,0.20793360471725464,,0.14923392236232758,0.15523411333560944,,
faceframe_second19_frame584_0,1,23.88443,13.629629,19,584,,0.1231844499707222,0.15037739276885986,0.2243901789188385,,0.13235005736351013,0.10798008739948273,
faceframe_second19_frame584_1,4,-5.2356195,10.23073,19,584,0.19246375560760498,0.1638161689043045,0.18223616480827332,0.12522274255752563,0.09861069172620773,,,
faceframe_second19_frame584_2,2,12.803175,0.027822537,19,584,0.1996997445821762,0.15537279844284058,0.17161567509174347,0.1094273254275322,0.0968405157327652,,,
faceframe_second19_frame584_3,0,-16.333014,16.154276,19,584,0.14414332807064056,0.33186981081962585,0.1004895269870758,,0.1594616174697876,,,0.09174179285764694
faceframe_second19_frame584_4,-1,-4.566501,-8.351722,19,584,0.1440727412700653,0.1350882649421692,0.20793360471725464,,0.14923392236232758,0.15523411333560944,,
faceframe_second19_frame591_0,2,12.7434435,-0.110531025,19,591,0.18072642385959625,0.14935944974422455,0.21192999184131622,,0.09467828273773193,,0.10672295093536377,
faceframe_second19_frame591_1,4,-5.0063868,10.443179,19,591,0.19300220906734467,0.15392887592315674,0.16780772805213928,0.12585565447807312,,,,0.09696543216705322
faceframe_second19_frame591_2,1,23.286285,13.597075,19,591,0.10591854155063629,0.10674161463975906,0.16574488580226898,0.27049925923347473,,0.12834703922271729,,
faceframe_second19_frame591_3,0,-16.317804,16.159306,19,591,0.14414332807064056,0.33186981081962585,0.1004895269870758,,0.1594616174697876,,,0.09174179285764694
faceframe_second19_frame591_4,-1,-4.623288,-8.311809,19,591,0.1440727412700653,0.1350882649421692,0.20793360471725464,,0.14923392236232758,0.15523411333560944,,
faceframe_second19_frame599_0,2,12.670692,-0.18632397,19,599,0.20867334306240082,0.15628951787948608,0.181270033121109,0.12042677402496338,,,,0.09176381677389145
faceframe_second19_frame599_1,1,23.20408,13.449478,19,599,0.11050911247730255,0.12013798207044601,0.15298572182655334,0.3032361567020416,,0.1217036023736,,
faceframe_second19_frame599_2,4,-4.7279434,10.615328,19,599,0.20196925103664398,0.15984293818473816,0.14811661839485168,0.12484604120254517,0.11103454232215881,,,
faceframe_second19_frame599_3,0,-16.244204,16.086319,19,599,0.14414332807064056,0.33186981081962585,0.1004895269870758,,0.1594616174697876,,,0.09174179285764694
faceframe_second19_frame599_4,-1,-4.587206,-8.301934,19,599,0.1440727412700653,0.1350882649421692,0.20793360471725464,,0.14923392236232758,0.15523411333560944,,
faceframe_second1_frame37_0,4,-3.9947166,10.4526825,1,37,0.15798963606357574,0.15971128642559052,0.18338827788829803,0.14659389853477478,,,0.09819502383470535,
faceframe_second1_frame37_1,4,6.51064,19.660208,1,37,0.18647617101669312,0.11817522346973419,0.2263818383216858,0.17967350780963898,,0.08175434917211533,,
faceframe_second1_frame37_2,2,14.055519,-2.147138,1,37,0.20260341465473175,0.17117613554000854,0.16325150430202484,0.12088477611541748,0.0993790253996849,,,
faceframe_second1_frame37_3,3,10.246651,7.086315,1,37,0.16238729655742645,0.12883718311786652,0.14637048542499542,,0.167999267578125,0.10110528022050858,,
faceframe_second1_frame37_4,-1,-0.07412293,27.348288,1,37,0.1679593026638031,0.1195884570479393,0.129293292760849,,0.24632303416728973,0.14408248662948608,,
faceframe_second1_frame37_5,5,-11.859323,-14.918989,1,37,,0.28885793685913086,0.13471533358097076,,0.1800820529460907,,0.10431861877441406,0.09726759046316147
faceframe_second1_frame44_0,2,13.99005,-2.1376894,1,44,0.21387985348701477,0.15693841874599457,0.17497721314430237,0.1127074584364891,0.10085111856460571,,,
faceframe_second1_frame44_1,4,6.516384,19.666115,1,44,0.16648611426353455,0.13143159449100494,0.27809765934944153,0.14445041120052338,,0.08190587162971497,,
faceframe_second1_frame44_2,4,-3.7544105,10.303512,1,44,0.14482706785202026,0.14744499325752258,0.19540278613567352,0.15076303482055664,,,,0.10007964819669724
faceframe_second1_frame44_3,3,10.256265,7.095387,1,44,0.16311031579971313,0.13344506919384003,0.151075541973114,,0.1560656577348709,0.10210465639829636,,
faceframe_second1_frame44_4,-1,-0.04864771,27.322647,1,44,0.1679593026638031,0.1195884570479393,0.129293292760849,,0.24632303416728973,0.14408248662948608,,
faceframe_second1_frame44_5,5,-11.807749,-14.884442,1,44,,0.28885793685913086,0.13471533358097076,,0.1800820529460907,,0.10431861877441406,0.09726759046316147
faceframe_second1_frame51_0,2,13.910603,-2.1933734,1,51,0.2207924872636795,0.15907679498195648,0.1646788865327835,0.11434569954872131,0.10168754309415817,,,
faceframe_second1_frame51_1,4,6.4684496,19.618427,1,51,0.15686282515525818,0.12230346351861954,0.2875748872756958,0.14485377073287964,,,0.08371765911579132,
faceframe_second1_frame51_2,4,-3.7868888,10.2587,1,51,0.16216455399990082,0.1447363942861557,0.1658395528793335,0.144474059343338,0.11518892645835876,,,
faceframe_second1_frame51_3,3,10.305387,7.145351,1,51,0.1550552248954773,0.12941889464855194,0.15979322791099548,0.10974247753620148,0.14308322966098785,,,
faceframe_second1_frame51_4,-1,-0.0051289257,27.279243,1,51,0.16465140879154205,0.12281588464975357,0.12693634629249573,,0.24608677625656128,0.1449241042137146,,
faceframe_second1_frame51_5,5,-11.8402195,-14.919677,1,51,,0.28885793685913086,0.13471533358097076,,0.1800820529460907,,0.10431861877441406,0.09726759046316147
faceframe_second1_frame59_0,2,13.753741,-2.3227162,1,59,0.21504630148410797,0.1593363732099533,0.16515317559242249,0.11905825138092041,0.09964196383953094,,,
faceframe_second1_frame59_1,4,6.524205,19.67428,1,59,0.19216886162757874,0.14154477417469025,0.22408872842788696,0.12857380509376526,,,0.08970046788454056,
faceframe_second1_frame59_2,4,-3.5511572,10.225998,1,59,0.14065241813659668,0.13869866728782654,0.20469489693641663,0.15182004868984222,,,0.10960186272859573,
faceframe_second1_frame59_3,3,10.329832,7.1678333,1,59,0.1640319973230362,0.12950092554092407,0.14496448636054993,,0.16322237253189087,0.10373836755752563,,
faceframe_second1_frame59_4,-1,-0.07270955,27.346878,1,59,0.16465140879154205,0.12281588464975357,0.12693634629249573,,0.24608677625656128,0.1449241042137146,,
faceframe_second1_frame59_5,5,-11.782825,-14.799832,1,59,0.09847968071699142,0.2906423807144165,0.13524121046066284,,0.17814889550209045,,0.10360068082809448,
faceframe_second13_frame397_0,2,13.33211,-0.12943386,13,397,0.2345471829175949,0.10326666384935379,0.2595287561416626,,0.12234706431627274,,0.09709979593753815,
faceframe_second13_frame397_1,4,-2.7318218,11.119808,13,397,0.1642736941576004,0.12532155215740204,0.1844838559627533,0.15822593867778778,,,0.10266871005296707,
faceframe_second13_frame397_2,1,22.994898,12.907159,13,397,,0.05206533893942833,0.0639861598610878,0.6389198899269104,,,0.052998773753643036,0.056558676064014435
faceframe_second13_frame397_3,3,7.769496,4.9581747,13,397,0.16325339674949646,0.13490965962409973,0.16514523327350616,0.10068976134061813,0.16494634747505188,,,
faceframe_second13_frame397_4,-1,2.638454,-14.980603,13,397,0.13682618737220764,0.14533847570419312,0.15021930634975433,,0.21065835654735565,0.1477353572845459,,
faceframe_second13_frame397_5,5,-8.966496,1.8529874,13,397,0.10121408849954605,0.35354360938072205,0.0991271585226059,,0.1542196124792099,,0.09761957079172134,
faceframe_second17_frame517_0,2,13.025317,-0.15475686,17,517,0.18647795915603638,0.17474864423274994,0.22767646610736847,0.10753151029348373,,,,0.08219430595636368
faceframe_second17_frame517_1,4,-5.35882,10.6985445,17,517,0.20228010416030884,0.1397378146648407,0.1811233013868332,0.13254386186599731,0.10300225764513016,,,
faceframe_second17_frame517_2,1,24.470907,13.405843,17,517,0.10659337788820267,0.09758822619915009,0.21109411120414734,0.2295764833688736,,0.1122240498661995,,
faceframe_second17_frame517_3,0,-16.210093,16.10008,17,517,0.1394730657339096,0.33223608136177063,0.10358034074306488,,0.15681123733520508,,,0.09207474440336227
faceframe_second17_frame517_4,-1,-4.5106673,-8.299769,17,517,0.1440727412700653,0.1350882649421692,0.20793360471725464,,0.14923392236232758,0.15523411333560944,,
faceframe_second20_frame607_0,1,23.218573,13.449867,20,607,0.11657565832138062,0.11270695924758911,0.2269817292690277,0.24068276584148407,,0.11414916068315506,,
faceframe_second20_frame607_1,2,12.764183,-0.12693533,20,607,0.2168223261833191,0.15685337781906128,0.1609613597393036,0.1210046112537384,0.09651634097099304,,,
faceframe_second20_frame607_2,4,-4.7600293,10.57891,20,607,0.18934066593647003,0.16030634939670563,0.15946531295776367,0.12993139028549194,0.10608167201280594,,,
faceframe_second20_frame607_3,0,-16.213278,16.039717,20,607,0.14414332807064056,0.33186981081962585,0.1004895269870758,,0.1594616174697876,,,0.09174179285764694
faceframe_second20_frame607_4,-1,-4.6730533,-8.471825,20,607,0.1440727412700653,0.1350882649421692,0.20793360471725464,,0.14923392236232758,0.15523411333560944,,
faceframe_second24_frame727_0,5,-11.825152,-14.432036,24,727,0.15394355356693268,0.14951036870479584,0.16724765300750732,0.11015933007001877,,,0.1215193122625351,
faceframe_second39_frame1177_0,3,4.8616815,4.827766,39,1177,0.2010754942893982,0.13668863475322723,0.21676845848560333,,0.12855902314186096,,,0.09556306898593903
faceframe_second4_frame127_0,2,13.517326,-1.999567,4,127,0.22966963052749634,0.1531696766614914,0.17431209981441498,0.11550259590148926,0.09111211448907852,,,
faceframe_second4_frame127_1,1,21.254921,14.488658,4,127,0.11061111837625504,0.1249227523803711,0.2620873749256134,0.20283807814121246,,,,0.08084246516227722
faceframe_second4_frame127_2,4,-2.8952894,10.440362,4,127,0.17536284029483795,0.142882838845253,0.1944500058889389,0.13844084739685059,0.09943326562643051,,,
faceframe_second4_frame127_3,3,7.948599,4.570415,4,127,0.16662779450416565,0.12708112597465515,0.17974327504634857,,0.1345050185918808,,0.10142745077610016,
faceframe_second4_frame127_4,-1,-7.268732,-17.98295,4,127,0.1573217511177063,0.11768534779548645,0.1367228776216507,,0.19728654623031616,0.19368700683116913,,
faceframe_second4_frame127_5,0,-18.43273,7.9004683,4,127,0.11687245965003967,0.33967453241348267,0.14618128538131714,,0.12469863891601562,,0.08873169869184494,
faceframe_second53_frame1597_0,3,5.317813,3.5130153,53,1597,0.16008630394935608,0.11970636993646622,0.19077852368354797,,0.17869724333286285,,,0.09868911653757095
faceframe_second60_frame1807_0,3,7.3924503,1.7942312,60,1807,0.2145010381937027,0.1283169835805893,0.15271210670471191,,0.1367165446281433,,,0.10137299448251724
faceframe_second6_frame187_0,2,10.516204,-2.69628,6,187,0.28356918692588806,0.13720059394836426,0.1972256302833557,0.0990867093205452,,,,0.09482027590274811
faceframe_second6_frame187_1,4,-2.7181923,10.335304,6,187,0.15297894179821014,0.13410305976867676,0.21456481516361237,0.15410926938056946,,,0.09793078154325485,
faceframe_second6_frame187_2,1,21.416502,14.329764,6,187,0.12645623087882996,0.1351478546857834,0.2480550855398178,0.21234135329723358,,0.07633606344461441,,
faceframe_second6_frame187_3,3,7.4628396,5.337127,6,187,0.1988295167684555,0.1058838963508606,0.18448033928871155,,0.17186707258224487,,,0.09794040024280548
faceframe_second6_frame187_4,-1,-7.031629,-17.978512,6,187,0.1573217511177063,0.11768534779548645,0.1367228776216507,,0.19728654623031616,0.19368700683116913,,
faceframe_second6_frame187_5,0,-18.281408,8.051623,6,187,0.11687864363193512,0.3423088490962982,0.1427845060825348,,0.1247863620519638,,0.08850367367267609,
faceframe_second20_frame614_0,1,23.141935,13.431401,20,614,0.11743559688329697,0.11374404281377792,0.20130836963653564,0.25559133291244507,,0.11911677569150925,,
faceframe_second20_frame614_1,2,12.674178,-0.12009679,20,614,0.1989479511976242,0.14641456305980682,0.17525601387023926,0.10991775989532471,0.10408028960227966,,,
faceframe_second20_frame614_2,4,-4.7883873,10.583233,20,614,0.18653324246406555,0.1516786515712738,0.16231292486190796,0.13371755182743073,0.10776966065168381,,,
faceframe_second20_frame614_3,0,-16.160368,15.985417,20,614,0.14414332807064056,0.33186981081962585,0.1004895269870758,,0.1594616174697876,,,0.09174179285764694
faceframe_second20_frame614_4,-1,-4.572279,-8.410238,20,614,0.1440727412700653,0.1350882649421692,0.20793360471725464,,0.14923392236232758,0.15523411333560944,,
faceframe_second23_frame704_0,3,6.6327295,4.417223,23,704,0.18124417960643768,0.11211445182561874,0.21175876259803772,0.10881310701370239,0.11381394416093826,,,
faceframe_second23_frame704_1,3,6.224374,3.3805246,23,704,0.13083645701408386,0.11788874864578247,0.15707138180732727,,0.1502818763256073,,,0.11574611067771912
faceframe_second23_frame711_0,3,6.075119,4.4347134,23,711,0.16479912400245667,0.13042917847633362,0.1829761415719986,0.1127990111708641,0.11313507705926895,,,
faceframe_second23_frame711_1,3,6.179506,3.464621,23,711,0.14082646369934082,0.11605317890644073,0.17184482514858246,,0.13289937376976013,0.11314129084348679,,
faceframe_second24_frame734_0,5,-11.850209,-14.403129,24,734,0.21247142553329468,0.14016000926494598,0.17081111669540405,,0.11266276985406876,,0.12684054672718048,
faceframe_second24_frame741_0,5,-11.828684,-14.41305,24,741,0.19909851253032684,0.1566809117794037,0.1636144071817398,,0.1172022596001625,,0.1104629710316658,
faceframe_second24_frame749_0,5,-11.834712,-14.3173895,24,749,0.17887882888317108,0.13892827928066254,0.16334813833236694,,0.11291689425706863,,0.12134911119937897,
faceframe_second2_frame67_0,2,13.587658,-2.297431,2,67,0.20926328003406525,0.15960104763507843,0.1687978059053421,0.11933586001396179,0.101152203977108,,,
faceframe_second2_frame67_1,4,6.2981334,19.448887,2,67,0.13494473695755005,0.10982479155063629,0.3628740608692169,0.11555147171020508,,,0.08067911863327026,
faceframe_second2_frame67_2,4,-3.4241173,10.19868,2,67,0.14831624925136566,0.12050097435712814,0.21310459077358246,0.15717701613903046,,,0.11329563707113266,
faceframe_second2_frame67_3,3,10.280384,7.119763,2,67,0.16152939200401306,0.12897135317325592,0.14306949079036713,0.10301578789949417,0.16966873407363892,,,
faceframe_second2_frame67_4,-1,0.011621861,27.262278,2,67,0.16465140879154205,0.12281588464975357,0.12693634629249573,,0.24608677625656128,0.1449241042137146,,
faceframe_second2_frame67_5,5,-11.792019,-14.853353,2,67,0.10094816237688065,0.2911355793476105,0.1347920000553131,,0.17758111655712128,,0.10269145667552948,
faceframe_second2_frame74_0,2,13.554048,-2.2885344,2,74,0.20607633888721466,0.15816465020179749,0.1683729737997055,0.11993272602558136,0.10160334408283234,,,
faceframe_second2_frame74_1,4,6.2856603,19.436306,2,74,0.18159078061580658,0.1257089227437973,0.25892174243927,0.1465432494878769,,,0.08101412653923035,
faceframe_second2_frame74_2,4,-3.4616985,10.198551,2,74,0.15370683372020721,0.12545979022979736,0.20853149890899658,0.1443130075931549,,,0.12098754197359085,
faceframe_second2_frame74_3,3,10.232678,7.072015,2,74,0.15679843723773956,0.12896102666854858,0.14402315020561218,,0.17052198946475983,0.10207163542509079,,
faceframe_second2_frame74_4,-1,-0.03293132,27.307096,2,74,0.16465140879154205,0.12281588464975357,0.12693634629249573,,0.24608677625656128,0.1449241042137146,,
faceframe_second2_frame74_5,5,-11.79213,-14.90617,2,74,0.10094816237688065,0.2911355793476105,0.1347920000553131,,0.17758111655712128,,0.10269145667552948,
faceframe_second2_frame81_0,2,13.587389,-2.2129908,2,81,0.21386754512786865,0.15655341744422913,0.16565273702144623,0.11919929087162018,0.10040529817342758,,,
faceframe_second2_frame81_1,4,-3.3197474,10.191253,2,81,0.14304183423519135,0.11523342877626419,0.29420939087867737,0.13137981295585632,,,0.10014580935239792,
faceframe_second2_frame81_2,4,6.293871,19.456964,2,81,0.19761954247951508,0.14717546105384827,0.2189367115497589,0.14361898601055145,,,0.0793561041355133,
faceframe_second2_frame81_3,3,10.227441,7.0721045,2,81,0.15390995144844055,0.13011203706264496,0.1484830677509308,,0.17487536370754242,,0.10189985483884811,
faceframe_second2_frame81_4,-1,0.02732418,27.252117,2,81,0.16465140879154205,0.12281588464975357,0.12693634629249573,,0.24608677625656128,0.1449241042137146,,
faceframe_second2_frame81_5,5,-11.874009,-14.92827,2,81,0.10094816237688065,0.2911355793476105,0.1347920000553131,,0.17758111655712128,,0.10269145667552948,
faceframe_second2_frame89_0,2,13.633353,-2.2285786,2,89,0.2182929813861847,0.16186508536338806,0.15964369475841522,0.11576799303293228,0.10235825181007385,,,
faceframe_second2_frame89_1,4,-3.3416142,10.228589,2,89,0.16008947789669037,0.12919121980667114,0.20424506068229675,0.14385069906711578,,,0.10816844552755356,
faceframe_second2_frame89_2,4,6.2758255,19.42778,2,89,0.19260263442993164,0.14502309262752533,0.21432702243328094,0.14960969984531403,,,0.08703112602233887,
faceframe_second2_frame89_3,3,10.1127,6.9911923,2,89,0.1585748940706253,,0.15937496721744537,,0.16807693243026733,,0.11186099797487259,0.11042957752943039
faceframe_second2_frame89_4,-1,-0.0035468359,27.277718,2,89,0.16465140879154205,0.12281588464975357,0.12693634629249573,,0.24608677625656128,0.1449241042137146,,
faceframe_second2_frame89_5,5,-11.737138,-14.78582,2,89,0.10094816237688065,0.2911355793476105,0.1347920000553131,,0.17758111655712128,,0.10269145667552948,
faceframe_second36_frame1087_0,3,6.409087,4.3190403,36,1087,0.17563527822494507,0.11378956586122513,0.2450331449508667,0.10502808541059494,0.11960729956626892,,,
faceframe_second36_frame1094_0,3,6.573794,4.3237414,36,1094,0.2168438583612442,0.11089008301496506,0.2089173048734665,,0.1289110779762268,,,0.09861025214195251
faceframe_second36_frame1101_0,3,5.6543646,3.0923572,36,1101,0.1933417022228241,0.12952826917171478,0.2922658622264862,,0.10063301026821136,,,0.08669716119766235
faceframe_second36_frame1109_0,3,5.6411986,3.0322115,36,1109,0.2636125385761261,0.12580925226211548,0.27010980248451233,,0.09315209835767746,,,0.08157116174697876
faceframe_second37_frame1117_0,3,5.6570287,3.0388708,37,1117,0.2799156606197357,0.1356712281703949,0.23261626064777374,,0.09582576155662537,,,0.09351365268230438
faceframe_second37_frame1124_0,3,5.6050816,3.01883,37,1124,0.2841377854347229,0.14694589376449585,0.21534088253974915,,0.09516532719135284,,,0.09305600076913834
faceframe_second37_frame1131_0,3,5.65434,3.0808198,37,1131,0.2735339403152466,0.1471385806798935,0.21777312457561493,,0.09737878292798996,,,0.08943580090999603
faceframe_second37_frame1139_0,3,5.5902495,3.151088,37,1139,0.26522329449653625,0.1351897269487381,0.2200903594493866,,0.098483607172966,,,0.09739556908607483
faceframe_second38_frame1147_0,3,5.5900354,3.123154,38,1147,0.2309846729040146,0.12944531440734863,0.23107361793518066,,0.10580895841121674,,,0.11008986085653305
faceframe_second38_frame1154_0,3,5.8030577,3.206523,38,1154,0.23538009822368622,0.16220511496067047,0.22253112494945526,,0.11189776659011841,,,0.11071514338254929
faceframe_second38_frame1161_0,3,5.7633414,3.222369,38,1161,0.248560830950737,0.11294765025377274,0.2168533056974411,,0.12350811064243317,,,0.11921163648366928
faceframe_second38_frame1169_0,3,5.785711,3.2578335,38,1169,0.2456592172384262,0.1028396263718605,0.22982943058013916,,0.12316203862428665,,,0.1094881072640419
faceframe_second3_frame104_0,2,13.799459,-2.1077542,3,104,0.21695064008235931,0.16592161357402802,0.15486861765384674,0.11120716482400894,0.10281671583652496,,,
faceframe_second3_frame104_1,3,8.013489,5.805651,3,104,0.1416895091533661,0.1459808349609375,0.17082229256629944,,0.13009151816368103,,,0.10671491920948029
faceframe_second3_frame104_2,4,-3.2472885,10.15556,3,104,0.15989843010902405,0.1269005984067917,0.17790521681308746,0.15453732013702393,0.1045432761311531,,,
faceframe_second3_frame104_3,4,6.3096037,19.464108,3,104,0.17569470405578613,0.14951440691947937,0.24768458306789398,0.14399486780166626,,,0.07700110971927643,
faceframe_second3_frame104_4,-1,0.01849733,27.255775,3,104,0.16465140879154205,0.12281588464975357,0.12693634629249573,,0.24608677625656128,0.1449241042137146,,
faceframe_second3_frame104_5,5,-11.833265,-14.872352,3,104,0.10094816237688065,0.2911355793476105,0.1347920000553131,,0.17758111655712128,,0.10269145667552948,
faceframe_second3_frame111_0,2,13.668675,-2.1182342,3,111,0.2106090486049652,0.16426034271717072,0.1558607667684555,0.11388397216796875,0.10254824906587601,,,
faceframe_second3_frame111_1,4,-3.1839788,10.185893,3,111,0.1529218852519989,0.1244601234793663,0.21072110533714294,0.15018078684806824,,,0.10856863856315613,
faceframe_second3_frame111_2,3,7.8637853,5.696334,3,111,0.14849914610385895,0.12487105280160904,0.17484793066978455,,0.11849521845579147,,,0.12231964617967606
faceframe_second3_frame111_3,4,6.4313293,19.582335,3,111,0.1711074262857437,0.14651864767074585,0.24841150641441345,0.14262798428535461,,,0.07950472831726074,
faceframe_second3_frame111_4,-1,0.0049819956,27.269272,3,111,0.16465140879154205,0.12281588464975357,0.12693634629249573,,0.24608677625656128,0.1449241042137146,,
faceframe_second3_frame111_5,5,-11.83772,-14.890292,3,111,0.10094816237688065,0.2911355793476105,0.1347920000553131,,0.17758111655712128,,0.10269145667552948,
faceframe_second3_frame119_0,2,13.79689,-2.130462,3,119,0.20437082648277283,0.15624450147151947,0.16297060251235962,0.12233616411685944,0.09911733120679855,,,
faceframe_second3_frame119_1,4,6.4149423,19.566269,3,119,0.18664108216762543,0.13362082839012146,0.26156288385391235,0.1336212009191513,,,0.07747078686952591,
faceframe_second3_frame119_2,3,7.9476666,5.760999,3,119,0.18310396373271942,0.13279303908348083,0.19417157769203186,,0.12281095236539841,,,0.10152506083250046
faceframe_second3_frame119_3,4,-3.046571,10.199068,3,119,0.15768025815486908,0.12744401395320892,0.21588703989982605,0.13404938578605652,,,0.10413585603237152,
faceframe_second3_frame119_4,-1,0.051841844,27.22298,3,119,0.16465140879154205,0.12281588464975357,0.12693634629249573,,0.24608677625656128,0.1449241042137146,,
faceframe_second3_frame119_5,5,-11.749397,-14.808442,3,119,0.10094816237688065,0.2911355793476105,0.1347920000553131,,0.17758111655712128,,0.10269145667552948,
faceframe_second3_frame97_0,2,13.722873,-2.2512105,3,97,0.21200035512447357,0.15657727420330048,0.16837798058986664,0.11949455738067627,0.09961583465337753,,,
faceframe_second3_frame97_1,3,7.9086595,5.730052,3,97,0.16396452486515045,0.12748309969902039,0.16414739191532135,,0.16157588362693787,,,0.10761519521474838
faceframe_second3_frame97_2,4,-3.2747962,10.21416,3,97,0.16453105211257935,0.13751260936260223,0.1750621646642685,0.14760448038578033,,,,0.10216391831636429
faceframe_second3_frame97_3,4,6.3491683,19.50038,3,97,0.17010214924812317,0.14642967283725739,0.24621973931789398,0.15234634280204773,,,0.07833068072795868,
faceframe_second3_frame97_4,-1,-0.007889228,27.282137,3,97,0.16465140879154205,0.12281588464975357,0.12693634629249573,,0.24608677625656128,0.1449241042137146,,
faceframe_second3_frame97_5,5,-11.8361435,-14.874919,3,97,0.10094816237688065,0.2911355793476105,0.1347920000553131,,0.17758111655712128,,0.10269145667552948,
faceframe_second40_frame1207_0,3,4.7811437,4.905241,40,1207,0.21460528671741486,0.1204456239938736,0.20920205116271973,,0.12233725190162659,,,0.1008206382393837
faceframe_second40_frame1214_0,3,4.8725815,4.8130608,40,1214,0.1967480331659317,0.1324695646762848,0.2055320143699646,,0.12421378493309021,,,0.0984591394662857
faceframe_second40_frame1221_0,3,4.855616,4.831299,40,1221,0.1890893429517746,0.127244770526886,0.21403628587722778,0.09945983439683914,0.11693045496940613,,,
faceframe_second40_frame1229_0,3,4.85321,4.8356705,40,1229,0.17406423389911652,0.12775129079818726,0.22663182020187378,0.10075201094150543,0.11372121423482895,,,
faceframe_second41_frame1237_0,3,4.857688,4.8352447,41,1237,0.15669649839401245,0.11758676171302795,0.25721895694732666,0.10265090316534042,0.1116652563214302,,,
faceframe_second47_frame1417_0,3,4.61896,5.0865846,47,1417,0.1416843980550766,0.11674616485834122,0.2078925222158432,,0.15551024675369263,0.10976774990558624,,
faceframe_second47_frame1424_0,3,4.6119,5.0935984,47,1424,0.1594620645046234,0.12281683087348938,0.22207237780094147,0.09283715486526489,0.1288871318101883,,,
faceframe_second47_frame1431_0,3,4.730626,4.9699645,47,1431,0.16023872792720795,0.11506811529397964,0.21481825411319733,0.10585302859544754,0.13864609599113464,,,
faceframe_second47_frame1439_0,3,4.7029486,4.9970436,47,1439,0.1935286968946457,0.13221271336078644,0.20766080915927887,,0.1393999308347702,,,0.08426439762115479
faceframe_second48_frame1447_0,3,6.2153764,3.9240873,48,1447,0.14553824067115784,0.11554493010044098,0.2269020527601242,0.11109332740306854,0.1311560720205307,,,
faceframe_second48_frame1454_0,3,5.4976034,3.1510043,48,1454,0.15381373465061188,0.14768996834754944,0.22383204102516174,,0.14442892372608185,,,0.09507650136947632
faceframe_second48_frame1461_0,3,5.5384216,3.485388,48,1461,0.16123834252357483,0.133719801902771,0.22482788562774658,,0.1528468132019043,,,0.10465024411678314
faceframe_second48_frame1469_0,3,5.4821258,3.3665216,48,1469,0.1693609207868576,0.13256198167800903,0.22832158207893372,,0.1612861007452011,,,0.10540115088224411
faceframe_second49_frame1477_0,3,5.149359,3.2513125,49,1477,0.17919060587882996,0.13683947920799255,0.21183305978775024,,0.1196812316775322,,,0.1451868712902069
faceframe_second49_frame1484_0,3,5.0887327,3.21539,49,1484,0.17729559540748596,0.13947533071041107,0.21961133182048798,,0.12211991846561432,,,0.1316576451063156
faceframe_second49_frame1491_0,3,5.098891,3.3232758,49,1491,0.20547451078891754,0.15657559037208557,0.19562308490276337,,0.1303659826517105,,,0.11820753663778305
faceframe_second49_frame1499_0,3,5.0108476,3.2397497,49,1499,0.18184928596019745,0.15681001543998718,0.19298888742923737,,0.1282615065574646,,,0.11205456405878067
faceframe_second6_frame194_0,2,10.48714,-2.7171252,6,194,0.271460622549057,0.13462533056735992,0.21105608344078064,0.10398868471384048,,,,0.09139662981033325
faceframe_second6_frame194_1,4,-2.813825,10.30179,6,194,0.16277816891670227,0.13556502759456635,0.18943874537944794,0.14290529489517212,,,0.10197396576404572,
faceframe_second6_frame194_2,1,21.458664,14.286085,6,194,0.12376036494970322,0.14384986460208893,0.25897181034088135,0.19624613225460052,,0.08659078925848007,,
faceframe_second6_frame194_3,3,7.4815516,5.333486,6,194,0.1869480162858963,0.09858867526054382,0.16516201198101044,,0.18773527443408966,,,0.10511273890733719
faceframe_second6_frame194_4,-1,-7.188067,-17.922976,6,194,0.1573217511177063,0.11768534779548645,0.1367228776216507,,0.19728654623031616,0.19368700683116913,,
faceframe_second6_frame194_5,0,-18.336094,7.9970064,6,194,0.11687864363193512,0.3423088490962982,0.1427845060825348,,0.1247863620519638,,0.08850367367267609,
faceframe_second6_frame201_0,2,10.444879,-2.742393,6,201,0.2725517153739929,0.1326490193605423,0.21445518732070923,0.10354408621788025,,,,0.09006872028112411
faceframe_second6_frame201_1,1,21.461367,14.30843,6,201,0.12384465336799622,0.1350061446428299,0.27391117811203003,0.19118809700012207,,0.0819307491183281,,
faceframe_second6_frame201_2,4,-2.7724955,10.3614645,6,201,0.14189402759075165,0.129704549908638,0.19987338781356812,0.16287678480148315,,,,0.10191258788108826
faceframe_second6_frame201_3,3,7.5617127,5.5022955,6,201,0.18137973546981812,0.13969439268112183,0.22209283709526062,0.08712771534919739,0.11695453524589539,,,
faceframe_second6_frame201_4,-1,-7.134866,-18.022285,6,201,0.1573217511177063,0.11768534779548645,0.1367228776216507,,0.19728654623031616,0.19368700683116913,,
faceframe_second6_frame201_5,0,-18.267683,8.065248,6,201,0.11687864363193512,0.3423088490962982,0.1427845060825348,,0.1247863620519638,,0.08850367367267609,
faceframe_second6_frame209_0,2,10.399642,-2.774149,6,209,0.27330318093299866,0.13292455673217773,0.21422240138053894,0.10203593969345093,,,,0.0916774719953537
faceframe_second6_frame209_1,3,7.5982914,5.4841337,6,209,0.2084551602602005,0.12017012387514114,0.21256764233112335,,0.13366419076919556,,,0.09410862624645233
faceframe_second6_frame209_2,1,21.412218,14.336861,6,209,0.11943207681179047,0.14070755243301392,0.2702334523200989,0.18690265715122223,,0.0803438052535057,,
faceframe_second6_frame209_3,4,-2.654589,10.297865,6,209,0.14292468130588531,0.1254742592573166,0.20427535474300385,0.16097301244735718,,,0.10654783248901367,
faceframe_second6_frame209_4,-1,-7.1659675,-18.015135,6,209,0.1573217511177063,0.11768534779548645,0.1367228776216507,,0.19728654623031616,0.19368700683116913,,
faceframe_second6_frame209_5,0,-18.264072,8.068781,6,209,0.11687864363193512,0.3423088490962982,0.1427845060825348,,0.1247863620519638,,0.08850367367267609,
faceframe_second7_frame217_0,2,10.569525,-2.6495454,7,217,0.21711289882659912,0.11312704533338547,0.22971250116825104,0.13722313940525055,,,,0.09849242866039276
faceframe_second7_frame217_1,4,-2.7593322,10.363883,7,217,0.14821040630340576,0.12590022385120392,0.1953769326210022,0.16484613716602325,,,0.10403969883918762,
faceframe_second7_frame217_2,3,7.5847588,5.4524684,7,217,0.2099318951368332,0.112596295773983,0.19666844606399536,,0.13981175422668457,,,0.10187574476003647
faceframe_second7_frame217_3,1,21.394072,14.356791,7,217,0.11715423315763474,0.1463194638490677,0.2658584415912628,0.18558205664157867,,,0.08565625548362732,
faceframe_second7_frame217_4,-1,-7.1270843,-18.01994,7,217,0.1573217511177063,0.11768534779548645,0.1367228776216507,,0.19728654623031616,0.19368700683116913,,
faceframe_second7_frame217_5,0,-18.141829,8.190881,7,217,0.11687864363193512,0.3423088490962982,0.1427845060825348,,0.1247863620519638,,0.08850367367267609,
faceframe_second7_frame224_0,2,10.553764,-2.6088033,7,224,0.17492429912090302,0.1095440611243248,0.18849313259124756,0.18625807762145996,,,,0.103573739528656
faceframe_second7_frame224_1,3,7.557154,5.5239167,7,224,0.1949462890625,0.1151217669248581,0.24733074009418488,,0.11324251443147659,,0.09396694600582123,
faceframe_second7_frame224_2,4,-2.8707623,10.254159,7,224,0.14728564023971558,0.12446652352809906,0.21554028987884521,0.15548817813396454,,,,0.1009909138083458
faceframe_second7_frame224_3,1,21.549088,14.212151,7,224,0.11542752385139465,0.15506908297538757,0.2186783254146576,0.2054981291294098,,,0.08640048652887344,
faceframe_second7_frame224_4,-1,-7.1354227,-18.055674,7,224,0.1573217511177063,0.11768534779548645,0.1367228776216507,,0.19728654623031616,0.19368700683116913,,
faceframe_second7_frame224_5,0,-18.194778,8.137871,7,224,0.11687864363193512,0.3423088490962982,0.1427845060825348,,0.1247863620519638,,0.08850367367267609,
faceframe_second7_frame231_0,4,-2.8118894,10.248483,7,231,0.1575876921415329,0.12780959904193878,0.21007922291755676,0.144917830824852,,,,0.10066305100917816
faceframe_second7_frame231_1,2,10.651174,-2.3609092,7,231,0.12977086007595062,0.10133818536996841,0.18746903538703918,0.2555646300315857,,,,0.09122028201818466
faceframe_second7_frame231_2,3,7.629053,5.5140066,7,231,0.20529557764530182,0.11119720339775085,0.24188083410263062,,0.11594420671463013,,0.09167633950710297,
faceframe_second7_frame231_3,1,21.534342,14.232928,7,231,0.12259747833013535,0.1654663383960724,0.24082079529762268,0.17198388278484344,,,0.08652270585298538,
faceframe_second7_frame231_4,-1,-6.939064,-18.2515,7,231,0.1573217511177063,0.11768534779548645,0.1367228776216507,,0.19728654623031616,0.19368700683116913,,
faceframe_second7_frame231_5,0,-18.352844,7.9805875,7,231,0.11687864363193512,0.3423088490962982,0.1427845060825348,,0.1247863620519638,,0.08850367367267609,
faceframe_second7_frame239_0,2,10.673326,-2.3653712,7,239,0.13532109558582306,0.10205744951963425,0.18306298553943634,0.250933974981308,,,,0.0962405726313591
faceframe_second7_frame239_1,3,7.6072483,5.414314,7,239,0.1862529069185257,0.1187770813703537,0.2525728642940521,0.09014511853456497,0.10779298841953278,,,
faceframe_second7_frame239_2,4,-2.7601676,10.321666,7,239,0.15766793489456177,0.1264094114303589,0.19050483405590057,0.15753914415836334,,,,0.10521305352449417
faceframe_second7_frame239_3,1,21.793467,14.087211,7,239,0.07005605101585388,0.07886829227209091,0.11704710870981216,0.477950781583786,,,0.0756480023264885,
faceframe_second7_frame239_4,-1,-7.1636553,-18.071161,7,239,0.1573217511177063,0.11768534779548645,0.1367228776216507,,0.19728654623031616,0.19368700683116913,,
faceframe_second7_frame239_5,0,-18.260769,8.072184,7,239,0.11687864363193512,0.3423088490962982,0.1427845060825348,,0.1247863620519638,,0.08850367367267609,
faceframe_second8_frame247_0,4,-3.022153,10.333764,8,247,0.15438412129878998,0.12234169244766235,0.2194509655237198,0.14368143677711487,,,0.1081000417470932,
faceframe_second8_frame247_1,2,10.736761,-2.2571993,8,247,0.12778834998607635,0.09607407450675964,0.1734548807144165,0.2765892446041107,,,,0.0954609289765358
faceframe_second8_frame247_2,1,22.069242,13.951359,8,247,,0.07273663580417633,0.09781760722398758,0.5366808772087097,,0.06169849634170532,,0.06267016381025314
faceframe_second8_frame247_3,3,7.563053,5.414749,8,247,0.21713006496429443,0.12714286148548126,0.20810922980308533,,0.129689022898674,,,0.0980415791273117
faceframe_second8_frame247_4,-1,-7.0860496,-17.96582,8,247,0.1573217511177063,0.11768534779548645,0.1367228776216507,,0.19728654623031616,0.19368700683116913,,
faceframe_second8_frame247_5,0,-18.31091,8.022049,8,247,0.11687864363193512,0.3423088490962982,0.1427845060825348,,0.1247863620519638,,0.08850367367267609,
faceframe_second8_frame254_0,3,7.6200294,5.3148265,8,254,0.17291446030139923,0.11510573327541351,0.19933432340621948,,0.13180550932884216,,,0.11168114840984344
faceframe_second8_frame254_1,4,-3.0655234,10.444035,8,254,0.15781068801879883,0.123505599796772,0.1979164332151413,0.15175357460975647,,,0.10908310115337372,
faceframe_second8_frame254_2,2,10.709608,-2.3052258,8,254,0.12444330751895905,0.09422549605369568,0.18000894784927368,0.27001145482063293,,,,0.09691828489303589
faceframe_second8_frame254_3,1,22.210533,13.841143,8,254,0.06033562123775482,0.0705525353550911,0.08746197074651718,0.5589012503623962,,,,0.06200500950217247
faceframe_second8_frame254_4,-1,-7.13337,-18.088757,8,254,0.1573217511177063,0.11768534779548645,0.1367228776216507,,0.19728654623031616,0.19368700683116913,,
faceframe_second8_frame254_5,0,-18.232079,8.101345,8,254,0.11687864363193512,0.3423088490962982,0.1427845060825348,,0.1247863620519638,,0.08850367367267609,
faceframe_second8_frame261_0,4,-2.669725,10.846585,8,261,0.15333271026611328,0.12438752502202988,0.1911853849887848,0.17642895877361298,,,,0.10257070511579514
faceframe_second8_frame261_1,1,22.170443,13.877065,8,261,0.06500235944986343,0.07714857906103134,0.08756373822689056,0.5330889821052551,,,,0.06318211555480957
faceframe_second8_frame261_2,2,10.728412,-2.265243,8,261,0.10800763219594955,0.08766932785511017,0.17262482643127441,0.31698480248451233,,,,0.09492272883653641
faceframe_second8_frame261_3,3,7.713205,5.3059525,8,261,0.17161916196346283,0.12301056832075119,0.21726295351982117,,0.11654175817966461,,,0.10943064093589783
faceframe_second8_frame261_4,-1,-7.114941,-18.049519,8,261,0.1573217511177063,0.11768534779548645,0.1367228776216507,,0.19728654623031616,0.19368700683116913,,
faceframe_second8_frame261_5,0,-18.280426,8.052559,8,261,0.11687864363193512,0.3423088490962982,0.1427845060825348,,0.1247863620519638,,0.08850367367267609,
faceframe_second8_frame269_0,2,10.677572,-2.2900205,8,269,0.12428512424230576,0.09526241570711136,0.17615194618701935,0.2828347384929657,,,,0.096241295337677
faceframe_second8_frame269_1,4,-2.4911797,11.022426,8,269,0.14337988197803497,0.11850261688232422,0.185648575425148,0.18081586062908173,,,0.10757226496934891,
faceframe_second8_frame269_2,3,7.7844152,5.214582,8,269,0.1563207507133484,0.13172173500061035,0.18206530809402466,,0.12948191165924072,,,0.10894659906625748
faceframe_second8_frame269_3,1,22.127298,13.903986,8,269,0.06306249648332596,0.0729830265045166,0.08788247406482697,0.5523211359977722,,,,0.059623125940561295
faceframe_second8_frame269_4,-1,-7.0324373,-18.149517,8,269,0.1573217511177063,0.11768534779548645,0.1367228776216507,,0.19728654623031616,0.19368700683116913,,
faceframe_second8_frame269_5,0,-18.3593,7.973732,8,269,0.11687864363193512,0.3423088490962982,0.1427845060825348,,0.1247863620519638,,0.08850367367267609,
faceframe_second9_frame277_0,2,10.705389,-2.2266781,9,277,0.12716726958751678,0.09597919136285782,0.1964351236820221,0.24841776490211487,,,,0.09914718568325043
faceframe_second9_frame277_1,1,22.191008,13.861154,9,277,,0.06509378552436829,0.07841449230909348,0.5775231719017029,,,0.05920581519603729,0.057738836854696274
faceframe_second9_frame277_2,4,-2.4567294,11.213402,9,277,0.1421997845172882,0.11700049042701721,0.17712676525115967,0.20005202293395996,,,,0.1008078083395958
faceframe_second9_frame277_3,-1,-7.095024,-18.070587,9,277,0.1573217511177063,0.11768534779548645,0.1367228776216507,,0.19728654623031616,0.19368700683116913,,
faceframe_second9_frame277_4,0,-18.351665,7.981364,9,277,0.11687864363193512,0.3423088490962982,0.1427845060825348,,0.1247863620519638,,0.08850367367267609,
faceframe_second9_frame284_0,2,10.903133,-2.2066681,9,284,0.12389198690652847,0.11261671036481857,0.2124129682779312,0.23177285492420197,,,,0.10046601295471191
faceframe_second9_frame284_1,4,-2.3949106,11.44332,9,284,0.13094379007816315,0.10582636296749115,0.20236605405807495,0.22126305103302002,,,,0.09741071611642838
faceframe_second9_frame284_2,1,22.65628,13.478396,9,284,,0.05217985063791275,0.07913486659526825,0.625988781452179,,,0.04932442307472229,0.056925151497125626
faceframe_second9_frame284_3,-1,2.6119616,-15.030553,9,284,0.13682618737220764,0.14533847570419312,0.15021930634975433,,0.21065835654735565,0.1477353572845459,,
faceframe_second9_frame284_4,5,-8.704342,1.2479649,9,284,0.10119203478097916,0.354440301656723,0.09927642345428467,,0.15394523739814758,,0.09734795987606049,
faceframe_second9_frame291_0,2,12.820818,-1.1044712,9,291,0.1614966243505478,0.10172532498836517,0.29882848262786865,0.1511995643377304,,,,0.08729586005210876
faceframe_second9_frame291_1,4,-2.3177433,11.492682,9,291,0.1291535198688507,0.12169089913368225,0.22289511561393738,0.18787384033203125,,,0.10202375799417496,
faceframe_second9_frame291_2,1,22.695147,13.486149,9,291,,0.07031042128801346,0.08999965339899063,0.49797719717025757,,,0.07622579485177994,0.06882017105817795
faceframe_second9_frame291_3,3,7.524299,4.544227,9,291,0.16638119518756866,0.1194998100399971,0.16603270173072815,,0.15929347276687622,,,0.10825162380933762
faceframe_second9_frame291_4,-1,2.46556,-14.8150215,9,291,0.13682618737220764,0.14533847570419312,0.15021930634975433,,0.21065835654735565,0.1477353572845459,,
faceframe_second9_frame291_5,5,-8.692098,1.2705238,9,291,0.10119203478097916,0.354440301656723,0.09927642345428467,,0.15394523739814758,,0.09734795987606049,
faceframe_second9_frame299_0,2,13.004316,-1.331367,9,299,0.21259300410747528,0.1278238594532013,0.22034138441085815,0.13441093266010284,0.08362431079149246,,,
faceframe_second9_frame299_1,4,-2.331319,11.452408,9,299,0.12069501727819443,0.11038950085639954,0.18237446248531342,0.23751012980937958,,,0.09879791736602783,
faceframe_second9_frame299_2,1,22.67143,13.534146,9,299,0.07018880546092987,,0.0946643054485321,0.4939657747745514,,,0.074973464012146,0.0727725401520729
faceframe_second9_frame299_3,3,7.9893937,4.6238985,9,299,0.20448090136051178,0.1293947696685791,0.12934941053390503,,0.18144682049751282,,,0.11036977916955948
faceframe_second9_frame299_4,-1,2.6386151,-15.028178,9,299,0.13682618737220764,0.14533847570419312,0.15021930634975433,,0.21065835654735565,0.1477353572845459,,
faceframe_second9_frame299_5,5,-8.630154,1.2864432,9,299,0.10119203478097916,0.354440301656723,0.09927642345428467,,0.15394523739814758,,0.09734795987606049,
faceframe_second53_frame1604_0,3,5.2954826,3.5769138,53,1604,0.16341830790042877,0.13042545318603516,0.1485341489315033,,0.19712898135185242,,,0.10827048867940903
faceframe_second53_frame1611_0,3,5.1541104,3.3542383,53,1611,0.1765080988407135,0.10804674029350281,0.16831956803798676,,0.1821308434009552,,,0.10024052113294601
faceframe_second53_frame1619_0,3,5.24625,3.359957,53,1619,0.15902204811573029,0.11863690614700317,0.2187574952840805,,0.15590082108974457,,,0.09777523577213287
faceframe_second54_frame1627_0,3,5.310816,3.549128,54,1627,0.15842987596988678,0.1266697645187378,0.21799737215042114,,0.14390285313129425,,,0.10272222757339478
faceframe_second58_frame1769_0,3,7.533069,1.7251718,58,1769,0.16319085657596588,0.12219284474849701,0.16246628761291504,,0.1218724176287651,0.11239537596702576,,
faceframe_second59_frame1791_0,3,7.5038743,1.7199001,59,1791,0.2578734755516052,0.10289838165044785,0.19158507883548737,,0.12587590515613556,,,0.09139793366193771
faceframe_second59_frame1799_0,3,7.4487524,1.7492672,59,1799,0.32144850492477417,0.11071556061506271,0.1606210470199585,0.08432731032371521,0.12286647409200668,,,
faceframe_second5_frame157_0,2,10.394949,-2.8678458,5,157,0.3256206214427948,0.11826948821544647,0.2149818390607834,0.08830618858337402,0.08562850207090378,,,
faceframe_second5_frame157_1,4,-2.762306,10.6289215,5,157,0.14787657558918,0.13203741610050201,0.21059800684452057,0.15059031546115875,,,0.10352087765932083,
faceframe_second5_frame157_2,1,21.438063,14.30183,5,157,0.12286727130413055,0.1366139054298401,0.2418607771396637,0.21359382569789886,,,,0.07885167002677917
faceframe_second5_frame157_3,3,7.0745068,4.8313355,5,157,0.15864188969135284,0.13046061992645264,0.18210601806640625,,0.15545248985290527,,,0.10848803073167801
faceframe_second5_frame157_4,-1,-7.117681,-18.086409,5,157,0.1573217511177063,0.11768534779548645,0.1367228776216507,,0.19728654623031616,0.19368700683116913,,
faceframe_second5_frame157_5,0,-18.395721,7.9374957,5,157,0.11687245965003967,0.33967453241348267,0.14618128538131714,,0.12469863891601562,,0.08873169869184494,
faceframe_second5_frame164_0,2,10.471427,-2.7807415,5,164,0.30690592527389526,0.12661422789096832,0.2060723602771759,0.09462875872850418,0.08893243968486786,,,
faceframe_second5_frame164_1,4,-2.6482701,10.88111,5,164,0.1480650156736374,0.13104605674743652,0.2025914341211319,0.15780019760131836,,,0.10323851555585861,
faceframe_second5_frame164_2,1,21.451683,14.278408,5,164,0.14209307730197906,0.13506263494491577,0.21419508755207062,0.19970294833183289,,,,0.08282331377267838
faceframe_second5_frame164_3,3,7.0990663,4.810854,5,164,0.1845463514328003,0.11078435927629471,0.20165662467479706,0.10509335994720459,0.15341435372829437,,,
faceframe_second5_frame164_4,-1,-7.0976324,-18.088264,5,164,0.1573217511177063,0.11768534779548645,0.1367228776216507,,0.19728654623031616,0.19368700683116913,,
faceframe_second5_frame164_5,0,-18.312342,8.021252,5,164,0.11687864363193512,0.3423088490962982,0.1427845060825348,,0.1247863620519638,,0.08850367367267609,
faceframe_second5_frame171_0,2,10.52322,-2.7923737,5,171,0.29361775517463684,0.1275196075439453,0.21286901831626892,0.09674772620201111,0.08675672858953476,,,
faceframe_second5_frame171_1,4,-2.694484,10.759704,5,171,0.1466933637857437,0.13649310171604156,0.19767773151397705,0.15604770183563232,,,0.10487931966781616,
faceframe_second5_frame171_2,1,21.414877,14.262935,5,171,0.13149580359458923,0.1472950279712677,0.21111293137073517,0.20945173501968384,,0.08701033890247345,,
faceframe_second5_frame171_3,3,7.1445317,4.8648143,5,171,0.1747143566608429,0.11451346427202225,0.14499615132808685,,0.20843279361724854,,,0.11114935576915741
faceframe_second5_frame171_4,-1,-7.0307846,-17.986132,5,171,0.1573217511177063,0.11768534779548645,0.1367228776216507,,0.19728654623031616,0.19368700683116913,,
faceframe_second5_frame171_5,0,-18.300331,8.03257,5,171,0.11687864363193512,0.3423088490962982,0.1427845060825348,,0.1247863620519638,,0.08850367367267609,
faceframe_second5_frame179_0,4,-2.6021645,10.730463,5,179,0.1547708362340927,0.13267923891544342,0.19964531064033508,0.15097583830356598,,,0.10439994186162949,
faceframe_second5_frame179_1,2,10.472661,-2.74106,5,179,0.2897564470767975,0.13707977533340454,0.19858095049858093,0.09633258730173111,,,,0.09075751900672913
faceframe_second5_frame179_2,1,21.469292,14.260794,5,179,0.11271331459283829,0.14351604878902435,0.22693182528018951,0.2307039499282837,,,0.08160024881362915,
faceframe_second5_frame179_3,3,7.471833,5.198061,5,179,0.16337032616138458,0.12888555228710175,0.19243267178535461,0.09939554333686829,0.1412266045808792,,,
faceframe_second5_frame179_4,-1,-7.206109,-17.947462,5,179,0.1573217511177063,0.11768534779548645,0.1367228776216507,,0.19728654623031616,0.19368700683116913,,
faceframe_second5_frame179_5,0,-18.202269,8.130459,5,179,0.11687864363193512,0.3423088490962982,0.1427845060825348,,0.1247863620519638,,0.08850367367267609,
faceframe_second60_frame1814_0,3,7.384494,1.8184923,60,1814,0.26305845379829407,0.1457490175962448,0.18183952569961548,,0.10896556079387665,,,0.08654829114675522
faceframe_second60_frame1814_1,3,4.692234,5.0347757,60,1814,0.16198641061782837,0.12168966978788376,0.16991794109344482,0.10466384887695312,0.1530572921037674,,,
faceframe_second60_frame1821_0,3,7.5591187,1.6999147,60,1821,0.22056590020656586,0.1605227142572403,0.15651226043701172,0.10163009911775589,0.11325270682573318,,,
faceframe_second60_frame1829_0,3,7.4563503,1.6870228,60,1829,0.3347639739513397,0.14273810386657715,0.13446757197380066,,0.12146252393722534,,,0.08233543485403061
faceframe_second60_frame1829_1,3,4.7617297,4.9377055,60,1829,0.15575538575649261,0.13020925223827362,0.1791481077671051,0.11965987086296082,0.12776778638362885,,,
faceframe_second61_frame1837_0,3,4.831393,4.855819,61,1837,0.19502480328083038,0.11841724067926407,0.19142606854438782,0.09958634525537491,0.13274343311786652,,,
faceframe_second61_frame1837_1,3,7.5631704,1.637462,61,1837,0.26008638739585876,0.14648140966892242,0.15394650399684906,0.09177757054567337,0.12244057655334473,,,
faceframe_second61_frame1844_0,3,7.379933,1.6063398,61,1844,0.24768392741680145,0.12031905353069305,0.23587563633918762,,0.10699553787708282,,,0.08894834667444229
faceframe_second61_frame1851_0,3,7.4068885,1.6446557,61,1851,0.21122592687606812,0.11480461061000824,0.24182574450969696,0.0960732102394104,0.11500250548124313,,,
faceframe_second61_frame1851_1,3,4.6437497,5.062795,61,1851,0.19532909989356995,0.11508029699325562,0.1541176736354828,0.10726569592952728,0.14723053574562073,,,
faceframe_second62_frame1867_0,3,7.434337,1.6402223,62,1867,0.3118761479854584,0.12794922292232513,0.13101354241371155,,0.14021703600883484,,,0.09119436889886856
faceframe_second62_frame1874_0,3,4.684124,5.034659,62,1874,0.1603129357099533,,0.15735824406147003,0.13009917736053467,0.161007359623909,,,0.12259437143802643
faceframe_second62_frame1881_0,3,4.6584992,5.005608,62,1881,0.18402864038944244,,0.22791032493114471,0.12244844436645508,0.10731510818004608,,,0.10352382808923721
faceframe_second62_frame1889_0,3,6.7575407,4.2416916,62,1889,0.11947259306907654,0.11044713854789734,0.23512262105941772,0.14227703213691711,,,,0.11109380424022675
faceframe_second62_frame1889_1,3,7.521956,1.7198207,62,1889,0.21230769157409668,0.12453249096870422,0.1580112874507904,,0.17519530653953552,,,0.09460018575191498
faceframe_second63_frame1897_0,3,7.6005626,1.7422374,63,1897,0.19401173293590546,0.1303468644618988,0.15505650639533997,,0.1341661810874939,,,0.11470742523670197
faceframe_second63_frame1897_1,3,6.040773,3.7580464,63,1897,0.16179946064949036,,0.2567882537841797,0.09946969151496887,0.11224782466888428,,,0.11407110840082169
faceframe_second63_frame1904_0,3,7.4242105,1.6179512,63,1904,0.197256401181221,0.12318038940429688,0.17445550858974457,,0.15165790915489197,,,0.11014477163553238
faceframe_second63_frame1911_0,3,7.4956093,1.7804835,63,1911,0.14037373661994934,0.1275329738855362,0.14570605754852295,,0.13354508578777313,,,0.11993812024593353
faceframe_second67_frame2024_0,3,4.8273726,4.8532124,67,2024,0.18426942825317383,0.1253049075603485,0.18037106096744537,,0.16974033415317535,,,0.09065447747707367
